"cid","title","categories","website","phone","review_rating","review_count","price_range","description","attributes","owner_name","is_verified","address","city","postal_code","state","country","latitude","longitude","emails","socials"
"8575002249739796272","Hazleton Tv HD","[""Television station""]","https://hazletontv.com/","(570)710-9884",5,17,,,"[""Wheelchair accessible parking lot""]","Hazleton Tv HD (Owner)",true,"146 E King St, Lancaster, PA 17602","Lancaster","17602","Pennsylvania","US",40.0379039,-76.3020683,"[]","{}"
"1826879884420837530","Vaxzooo","[""Television station""]",,"+1724-374-8910",0,0,,,"[]","Vaxzooo (Owner)",true,"5136 Arbor St, Philadelphia, PA 19120, United States","Philadelphia","19120","Pennsylvania","US",40.0279647,-75.11692649999999,,
"1448335585942501125","Zgs Communications","[""Television station""]",,"+1215-634-8862",5,1,,,"[]","Zgs Communications (Owner)",true,"1341 N Delaware Ave, Philadelphia, PA 19125, United States","Philadelphia","19125","Pennsylvania","US",39.9678272,-75.1276768,,
"7772041922148745655","mcctv","[""Television station""]",,"+1646-241-2798",0,0,,,"[]","mcctv (Owner)",true,"444 N 4th St, Philadelphia, PA 19123, United States","Philadelphia","19123","Pennsylvania","US",39.9590516,-75.14584219999999,,
"5158070815534772394","ION Media Networks","[""Television station""]",,"+1215-482-4733",0,0,,,"[""Wheelchair accessible parking lot""]","ION Media Networks (Owner)",true,"3901 Main St, Philadelphia, PA 19128, United States","Philadelphia","19128","Pennsylvania","US",40.020105,-75.2153269,,
"7489895700849849608","Main Line Broadcasting","[""Television station""]",,"+1610-825-8101",0,0,,,"[""Wheelchair accessible entrance"",""Wheelchair accessible parking lot""]","Main Line Broadcasting (Owner)",true,"300 Conshohocken State Rd, Conshohocken, PA 19428, United States","Conshohocken","19428","Pennsylvania","US",40.0682263,-75.3068972,,
"5954933253348514279","Mort's TV & Video Inc.","[""Television repair service"",""Audio visual equipment repair service"",""Audio visual equipment supplier"",""Electronics store"",""Stereo repair service"",""Home audio store"",""Electronics repair shop""]","https://www.mortstvrepair.com/","+1215-945-8381",4.6,174,,,"[""Small business"",""Onsite services"",""Wheelchair accessible entrance"",""Wheelchair accessible parking lot""]","Mort's TV \u0026 Video Inc. (Owner)",true,"4532 New Falls Rd, Levittown, PA 19056, United States","Levittown","19056","Pennsylvania","US",40.13645,-74.8809194,,
"6836945496435010297","Hershey's Mill Community TV","[""Television station""]","https://hersheysmill.org/hmc-tv20/hmc-tv20/an-introduction/","+1610-436-5922",5,1,,,"[""Wheelchair accessible entrance"",""Wheelchair accessible parking lot""]","Hershey's Mill Community TV (Owner)",true,"20 Hersheys Dr, West Chester, PA 19380, United States","West Chester","19380","Pennsylvania","US",40.0115301,-75.5550002,"[""hmctv@comcast.net"",""webmaster@hersheysmill.org""]","{}"
"10918855290389273203","Wize Buys Television Llc","[""Television station""]",,"+1610-738-6959",0,0,,,"[]","Wize Buys Television Llc (Owner)",true,"790 E Market St, West Chester, PA 19382, United States","West Chester","19382","Pennsylvania","US",39.9648279,-75.5920556,,
"3480696686995425295","Nbccsn Philadelphia","[""Television station""]",,"+1215-551-1658",0,0,,,"[]","Nbccsn Philadelphia (Owner)",true,"3601 S Broad St, Philadelphia, PA 19148, United States","Philadelphia","19148","Pennsylvania","US",39.9044734,-75.1712574,,
"17512237502299088407","PSTV Philadelphia","[""Television station""]","https://www.philasd.org/pstv/","(215)400-4050",5,1,,,"[""Wheelchair accessible entrance"",""Wheelchair accessible parking lot""]","PSTV Philadelphia (Owner)",true,"440 N Broad St basement-suite b1, Philadelphia, PA 19130","Philadelphia","19130","Pennsylvania","US",39.9608431,-75.16277769999999,"[]","{""twitter"":""https://twitter.com/PHLschools"",""facebook"":""https://www.facebook.com/sdpschools"",""linkedin"":""https://www.linkedin.com/company/school-district-of-philadelphia"",""instagram"":""https://www.instagram.com/philly_schools""}"
"2697078531602749430","West Newton Community TV","[""Television station""]","http://www.wnctv.org/","+1724-872-5123",5,1,,,"[""Wheelchair accessible entrance"",""Wheelchair accessible parking lot""]","West Newton Community TV (Owner)",true,"104 N 2nd St, West Newton, PA 15089, United States","West Newton","15089","Pennsylvania","US",40.210141,-79.76664799999999,"[]","{}"
"10211352237168570292","WAP Model Showcase, Ent. TV Show & Studio","[""Television station""]",,"+1512-842-7763",5,2,,,"[]","WAP Model Showcase, Ent. TV Show & Studio (Owner)",true,"5912 Haverford Ave, Philadelphia, PA 19151, United States","Philadelphia","19151","Pennsylvania","US",39.9689969,-75.2378421,,
"451131596137890521","Golden Mile TV","[""Television repair service""]",,"+1724-325-2559",4.9,26,,,"[""Wheelchair accessible entrance"",""Wheelchair accessible parking lot"",""Repair services"",""Credit cards""]","Golden Mile TV (Owner)",true,"2750 Golden Mile Hwy #1, Pittsburgh, PA 15239, United States","Pittsburgh","15239","Pennsylvania","US",40.4783193,-79.70604329999999,,
"4494619310755636384","WPGH-TV transmit","[""Television station""]",,"",0,0,,,"[]","WPGH-TV transmit (Owner)",true,"750 Ivory Ave, Pittsburgh, PA 15214, United States","Pittsburgh","15214","Pennsylvania","US",40.4949492,-80.00481479999999,,
"3686004787757392533","Don's TV Services & Jay Burn Co.","[""Television repair service""]",,"+1412-741-9290",4.3,36,,,"[""Repair services""]","Don's TV Services & Jay Burn Co. (Owner)",true,"1604 Mt Nebo Rd, Sewickley, PA 15143, United States","Sewickley","15143","Pennsylvania","US",40.553002,-80.1069674,,
"11084862532019541867","RCN Productions","[""Television station"",""Cable company""]","https://www.rcn.com/rcntv/contact-us/","+1610-443-2909",4,20,,,"[""Wheelchair accessible entrance"",""Wheelchair accessible parking lot""]","RCN Productions (Owner)",true,"RCNTV Production Studio, 7249 Airport Rd, Bath, PA 18014, United States","Bath","18014","Pennsylvania","US",40.6987365,-75.41893809999999,"[]","{""twitter"":""https://twitter.com/astoundconnects"",""facebook"":""https://www.facebook.com/astoundbroadband""}"
"18263225518927737002","WBPH TV60","[""Television station""]","https://www.wbph.org/","+1610-433-4400",4.3,4,,,"[""Wheelchair accessible entrance"",""Wheelchair accessible parking lot""]","WBPH TV60 (Owner)",true,"813 N Fenwick St, Allentown, PA 18109, United States","Allentown","18109","Pennsylvania","US",40.6208317,-75.44826619999999,"[]","{""facebook"":""https://www.facebook.com/MyLighthouseTV/""}"
"1945977272752268004","WLYH-TV","[""Television station""]","https://lighthousetv.org/station/49-wlyh/","",0,0,,,"[]","WLYH-TV (Owner)",true,"374 Butler Rd, Lebanon, PA 17042, United States","Lebanon","17042","Pennsylvania","US",40.2623531,-76.4647525,"[""info@lighthousetv.org""]","{""facebook"":""https://www.facebook.com/MyLighthouseTV/""}"
"1357272485136217975","WITF DTV/FM Transmitter","[""Television station""]",,"",5,2,,,"[]","WITF DTV/FM Transmitter (Owner)",true,"84WJ+4C, Harrisburg, PA 17112","Harrisburg",,"Pennsylvania","US",40.3453513,-76.86897859999999,,
"2524921339702199420","White Rose Community TV","[""Television station""]","https://www.wrct.tv/","+1717-843-7722",0,0,,,"[]","White Rose Community TV (Owner)",true,"50 W King St #1, York, PA 17401, United States","York","17401","Pennsylvania","US",39.9603211,-76.7285188,"[]","{""facebook"":""https://www.facebook.com/WhiteRoseCommunityTV""}"
"15599124571064963228","WHTM Television Transmitter","[""Television station""]",,"(717)732-7110",4,1,,,"[]","WHTM Television Transmitter (Owner)",true,"1 Blue Mountain Trail, Enola, PA 17025","Enola","17025","Pennsylvania","US",40.3171845,-76.9471709,,
"12639301505432316511","VATv and The Visitor's Channel Nerworks","[""Television station"",""Video production service""]","http://www.vatv.net/","+1610-566-0150",5,1,,,"[""Wheelchair accessible parking lot""]","VATv and The Visitor's Channel Nerworks (Owner)",true,"600 N Jackson St Suite One, Media, PA 19063, United States","Media","19063","Pennsylvania","US",39.924048,-75.387931,"[""vatv@vatv.net""]","{""facebook"":""https://www.facebook.com/capemaychannel"",""instagram"":""https://www.instagram.com/capemaychannel""}"
"11477561004478337808","Dohm TV","[""Television repair service"",""Electronic parts supplier"",""Electronics repair shop"",""Electronics store""]","http://www.dohmtv.com/","+1717-767-4321",4.9,45,,,"[""Onsite services"",""Wheelchair accessible parking lot"",""Repair services"",""LGBTQ+ friendly"",""Batteries"",""Electronics"",""Credit cards""]","Dohm TV (Owner)",true,"1960 Carlisle Rd, York, PA 17408, United States","York","17408","Pennsylvania","US",39.9754495,-76.7906781,,
"2950863006112590227","CWTAP TV","[""Television station""]","http://www.cwtap.tv/","(610)967-2799",5,3,,,"[""Wheelchair accessible parking lot""]","CWTAP TV (Owner)",true,"15 N 4th St, Emmaus, PA 18049","Emmaus","18049","Pennsylvania","US",40.5355809,-75.4918915,"[]","{}"
"14720092361997787578","Wirick TV and Stereo","[""Television repair service"",""Stereo repair service"",""Home audio store""]",,"+1610-252-1395",4.7,26,,,"[""Small business"",""Onsite services"",""Wheelchair accessible parking lot"",""Assembly service"",""Installation service"",""Repair services"",""Quick visit"",""Credit cards"",""Debit cards""]","Wirick TV and Stereo (Owner)",true,"2400 Freemansburg Ave, Easton, PA 18042, United States","Easton","18042","Pennsylvania","US",40.6783345,-75.242587,,
"4958850148460214551","TV Pocono","[""Television station""]",,"(570)213-2661",5,2,,,"[]","TV Pocono (Owner)",true,"600 Main St, Stroudsburg, PA 18360","Stroudsburg","18360","Pennsylvania","US",40.9858809,-75.1934556,,
"10822470929136553085","WRF Radio","[""Television station""]","http://www.wrfradio.com/","(717)308-8164",0,0,,,"[""Wheelchair accessible parking lot""]","WRF Radio (Owner)",true,"3970 Carlisle Rd, Dover, PA 17315","Dover","17315","Pennsylvania","US",39.9923741,-76.8419823,"[""micah@micahrich.com""]","{""facebook"":""https://www.facebook.com/wrfradio"",""instagram"":""https://www.instagram.com/wrfradio/""}"
"14726963099331587555","Maranatha Broadcasting Co","[""Television station""]",,"(610)841-3877",4,4,,,"[""Wheelchair accessible entrance"",""Wheelchair accessible parking lot""]","Maranatha Broadcasting Co (Owner)",true,"300 E Rock Rd, Allentown, PA 18103","Allentown","18103","Pennsylvania","US",40.5648551,-75.4400946,,
"16908065774694178074","KSTG","[""Television station""]",,"",0,0,,,"[]","KSTG (Owner)",true,"3355 Ridge Pike, Norristown, PA 19403, United States","Norristown","19403","Pennsylvania","US",40.162446,-75.4122115,,
"7675855862160883140","WPSJ","[""Television station""]",,"",5,1,,,"[]","WPSJ (Owner)",true,"216 Paoli Ave, Philadelphia, PA 19128","Philadelphia","19128","Pennsylvania","US",40.038999,-75.2368924,,
"17212989833449469498","WGAL-TV transmit","[""Television station"",""Telecommunications""]",,"",4.3,3,,,"[""Wheelchair accessible parking lot""]","WGAL-TV transmit (Owner)",true,"1320 Tower Rd, York, PA 17406","York","17406","Pennsylvania","US",40.0345889,-76.61858289999999,,
"7253573263605438805","WUVP Univision 65","[""Television station""]","https://www.univision.com/local/philadelphia-wuvp","(215)568-2800",4,5,,,"[""Wheelchair accessible entrance""]","WUVP Univision 65 (Owner)",true,"1608 Walnut St Suite 1100, Philadelphia, PA 19103","Philadelphia","19103","Pennsylvania","US",39.949545,-75.16814509999999,"[]","{""facebook"":""https://www.facebook.com/Univision"",""instagram"":""https://www.instagram.com/univision""}"
"1956297639154599996","Geek Squad","[""Television repair service"",""Computer repair service"",""Computer service"",""Data recovery service"",""Mobile phone repair shop""]","https://stores.bestbuy.com/pa/downingtown/871-e-lancaster-ave-1764/geeksquad.html?ref=NS&loc=ns100","+1610-873-2312",3.1,28,"₱₱",,"[""Onsite services"",""Wheelchair accessible entrance"",""Wheelchair accessible parking lot"",""Repair services"",""Credit cards"",""Debit cards"",""NFC mobile payments"",""On-site parking""]","Geek Squad (Owner)",true,"10 Quarry Rd Spc G1, Downingtown, PA 19335, United States","Downingtown","19335","Pennsylvania","US",40.0170019,-75.6765364,,
"13312933749231301004","Global Television Broadcasting","[""Radio broadcaster"",""Television station""]",,"(267)345-8712",2.5,4,,,"[]","Global Television Broadcasting (Owner)",true,"901 Granite St, Philadelphia, PA 19124","Philadelphia","19124","Pennsylvania","US",40.0317252,-75.0920032,,
"2867660073395108389","Sonshine Family TV Corporation","[""Television station""]",,"(610)798-8263",5,2,,,"[""Wheelchair accessible parking lot""]","Sonshine Family TV Corporation (Owner)",true,"720 E Rock Rd, Allentown, PA 18103","Allentown","18103","Pennsylvania","US",40.5672717,-75.4342152,,
"4291453905422553888","KYW-TV transmit","[""Television station""]",,"",5,1,,,"[]","KYW-TV transmit (Owner)",true,"431 Wigard Ave, Philadelphia, PA 19128","Philadelphia","19128","Pennsylvania","US",40.0447363,-75.2406322,,
"7876067916499723681","6 ABC","[""Television station""]",,"(215)581-4518",4.2,9,,,"[""Wheelchair accessible entrance"",""Wheelchair accessible parking lot""]","6 ABC (Owner)",true,"4100 City Ave, Philadelphia, PA 19131","Philadelphia","19131","Pennsylvania","US",40.0054749,-75.2142672,,
"4964560262878375701","Wize Buys TV","[""Television station""]",,"+1610-738-6959",0,0,,,"[]","Wize Buys TV (Owner)",true,"1701 John F Kennedy Blvd # 25, Philadelphia, PA 19103, United States","Philadelphia","19103","Pennsylvania","US",39.9545639,-75.1684674,,
"6186427218626663545","Taking The Initiative","[""Television station""]",,"+1610-433-4400",0,0,,,"[]","Taking The Initiative (Owner)",true,"813 N Fenwick St, Allentown, PA 18109, United States","Allentown","18109","Pennsylvania","US",40.6208374,-75.44819199999999,,
"15488111246677567447","Spicy TV","[""Television station""]","https://spicy-tv.online/contacts/","+1631-538-5934",0,0,,,"[""Wheelchair accessible parking lot""]","Spicy TV (Owner)",true,"409 Easton Rd, Willow Grove, PA 19090, United States","Willow Grove","19090","Pennsylvania","US",40.1490264,-75.11928259999999,"[""sales@spicy-tv.online""]","{}"
"2542992537261683371","Executive Leaders Television","[""Television station""]",,"+1619-733-7830",0,0,,,"[""Wheelchair accessible entrance"",""Wheelchair accessible parking lot""]","Executive Leaders Television (Owner)",true,"726 Fitzwatertown Rd #8, Willow Grove, PA 19090, United States","Willow Grove","19090","Pennsylvania","US",40.15970799999999,-75.114542,,
"4668842119706393433","Eagle Television Sales","[""Television station""]",,"+1215-567-7950",0,0,,,"[""Wheelchair accessible parking lot""]","Eagle Television Sales (Owner)",true,"111 Presidential Blvd # 110, Bala Cynwyd, PA 19004, United States","Bala Cynwyd","19004","Pennsylvania","US",40.0123244,-75.2137726,,
"4194523927795815600","The Pctv Network","[""Television station""]","https://thepctvnetwork.net/","+1610-327-1866",0,0,,,"[""Wheelchair accessible entrance"",""Wheelchair accessible parking lot""]","The Pctv Network (Owner)",true,"1535 Schwenk Rd, Sanatoga, PA 19464, United States","Sanatoga","19464","Pennsylvania","US",40.2793074,-75.6276963,"[""tellisvisiontv@yahoo.com"",""pctvgus@yahoo.com""]","{""twitter"":""https://twitter.com/thepctvnetwork"",""facebook"":""https://www.facebook.com/thePCTVNetwork/""}"
"1152632294818636868","Wyou TV Twenty Two","[""Television station""]",,"+1570-601-0517",0,0,,,"[]","Wyou TV Twenty Two (Owner)",true,"230 W 3rd St, Williamsport, PA 17701, United States","Williamsport","17701","Pennsylvania","US",41.2395321,-77.0047196,,
"3455641547944005009","W20AD-D WNEP-TV","[""Television station""]",,"",0,0,,,"[""Wheelchair accessible parking lot""]","W20AD-D WNEP-TV (Owner)",true,"1299 Vallamont Dr NW, Williamsport, PA 17701, United States","Williamsport","17701","Pennsylvania","US",41.2484415,-77.03070989999999,,
"8376787208127292554","WBRE-TV","[""Television station""]",,"+1570-327-1415",0,0,,,"[""Wheelchair accessible parking lot""]","WBRE-TV (Owner)",true,"102 W 4th St, Williamsport, PA 17701, United States","Williamsport","17701","Pennsylvania","US",41.2417478,-77.0039274,,
"10415751974603331954","WCCT Global","[""Television station""]",,"+1714-252-0700",0,0,,,"[""Wheelchair accessible entrance"",""Wheelchair accessible parking lot""]","WCCT Global (Owner)",true,"2300 Lincoln Hwy, Langhorne, PA 19047, United States","Langhorne","19047","Pennsylvania","US",40.1835399,-74.8809366,,
"3459244516582748892","WQED-TV Radio Tower","[""Television station"",""Telecommunications""]",,"",3.5,12,,,"[""Wheelchair accessible entrance"",""Wheelchair accessible parking lot""]","WQED-TV Radio Tower (Owner)",true,"Pittsburgh, PA 15219","Pittsburgh","15219","Pennsylvania","US",40.446298,-79.9636111,,
"3874210356798001925","intel Sports","[""Television station""]",,"+1267-406-8378",0,0,,,"[]","intel Sports (Owner)",true,"2517 Dunks Ferry Rd M209, Bensalem, PA 19020, United States","Bensalem","19020","Pennsylvania","US",40.1029542,-74.95699809999999,,
"13910696106941166369","Music from the 412","[""Radio broadcaster"",""Television station""]","https://www.musicfromthe412.com/","",5,1,,,"[""Wheelchair accessible parking lot"",""Credit cards""]","Music from the 412 (Owner)",true,"2413 Waverly St, Pittsburgh, PA 15218","Pittsburgh","15218","Pennsylvania","US",40.4165877,-79.8821019,"[""bands@musicfromthe412.com""]","{""twitter"":""https://www.twitter.com/Musicfromthe412"",""facebook"":""https://www.facebook.com/firstangelmedia/"",""instagram"":""https://www.instagram.com/Musicfromthe412""}"
"4662088872786242188","Winp","[""Television station""]","http://www.ionmedianetworks.com/business/stations?station=181","+1412-963-7496",5,1,,,"[""Wheelchair accessible parking lot""]","Winp (Owner)",true,"285 Kappa Dr # 130, Pittsburgh, PA 15238, United States","Pittsburgh","15238","Pennsylvania","US",40.5048916,-79.8627138,"[]","{}"
"18028302250103347587","Broadcast Results Group","[""Television station""]",,"+1610-971-9630",0,0,,,"[""Wheelchair accessible entrance"",""Wheelchair accessible parking lot""]","Broadcast Results Group (Owner)",true,"200 Eagle Rd, Wayne, PA 19087, United States","Wayne","19087","Pennsylvania","US",40.0454449,-75.39954519999999,,
"12691525952224604809","Rgb Broadcast Video Services Co","[""Television station""]",,"+1215-464-3158",5,1,,,"[]","Rgb Broadcast Video Services Co (Owner)",true,"1234 Southampton Rd, Philadelphia, PA 19116, United States","Philadelphia","19116","Pennsylvania","US",40.1227942,-75.0008099,,
"2300274941894915540","Wjal","[""Television station""]",,"+1717-375-4000",5,1,,,"[]","Wjal (Owner)",true,"262 Swamp Fox Rd, Chambersburg, PA 17202, United States","Chambersburg","17202","Pennsylvania","US",39.8588726,-77.6927615,,
"15450478304348300409","Young Broadcasters","[""Television station""]",,"+1215-621-7647",5,1,,,"[]","Young Broadcasters (Owner)",true,"7144 Limekiln Pike, Philadelphia, PA 19138, United States","Philadelphia","19138","Pennsylvania","US",40.0620205,-75.15531469999999,,
"9335202324935570264","Renaissance Television Productions","[""Television station""]",,"+1412-921-7577",0,0,,,"[""Wheelchair accessible parking lot""]","Renaissance Television Productions (Owner)",true,"975 Greentree Rd, Pittsburgh, PA 15220, United States","Pittsburgh","15220","Pennsylvania","US",40.41874869999999,-80.0455296,,
"339455646818039219","KNBT","[""Television station""]",,"+1570-331-0366",0,0,,,"[""Wheelchair accessible entrance"",""Wheelchair accessible parking lot""]","KNBT (Owner)",true,"310 Market St, Kingston, PA 18704, United States","Kingston","18704","Pennsylvania","US",41.2543718,-75.8914782,,
"15423101492644844305","Wimt","[""Television station""]",,"+1412-389-8012",0,0,,,"[]","Wimt (Owner)",true,"285 Kappa Dr, Pittsburgh, PA 15238, United States","Pittsburgh","15238","Pennsylvania","US",40.5048916,-79.8627138,,
"12303300326004451113","CBS Broadcasting Inc","[""Television station""]",,"+1412-829-8626",0,0,,,"[""Wheelchair accessible entrance"",""Wheelchair accessible parking lot""]","CBS Broadcasting Inc (Owner)",true,"3500 Technology Dr, Monroeville, PA 15146, United States","Monroeville","15146","Pennsylvania","US",40.4287575,-79.7827004,,
"2508660680328195414","123 Central Square Productions","[""Television station""]",,"+1412-343-1873",0,0,,,"[""Wheelchair accessible entrance"",""Wheelchair accessible parking lot""]","123 Central Square Productions (Owner)",true,"123 Central Square, Pittsburgh, PA 15228, United States","Pittsburgh","15228","Pennsylvania","US",40.379988,-80.04384999999999,,
"2893375297951815622","WATM","[""Television station""]","http://www.abc23.com/","+1814-949-8823",0,0,,,"[""Wheelchair accessible parking lot""]","WATM (Owner)",true,"1107 E Walton Ave, Altoona, PA 16602, United States","Altoona","16602","Pennsylvania","US",40.5291997,-78.3686955,"[""managermmccarthy@foxcharleston.com"",""salescglafountain@cunninghambroadcasting.com"",""engineerdowens@fox8tv.com"",""directorjbolinger@fox8tv.com"",""directorjream@fox8tv.com"",""managertaschmidt@fox8tv.com"",""managerawilliams@fox8tv.com""]","{""facebook"":""https://www.facebook.com/ABC23WATM"",""instagram"":""https://www.instagram.com/watm_abc23/""}"
"7408379972619916279","Bruno Goodworth Network Inc","[""Television station""]",,"+1412-922-9576",0,0,,,"[""Wheelchair accessible parking lot""]","Bruno Goodworth Network Inc (Owner)",true,"975 Greentree Rd, Pittsburgh, PA 15220, United States","Pittsburgh","15220","Pennsylvania","US",40.41874869999999,-80.0455296,,
"14597635653288353505","WKMFTV","[""Television station"",""Advertising agency""]",,"+1412-608-2834",0,0,,,"[""Identifies as veteran-owned"",""Onsite services"",""Wheelchair accessible parking lot""]","WKMFTV (Owner)",true,"114 Ulysses St, Pittsburgh, PA 15211, United States","Pittsburgh","15211","Pennsylvania","US",40.4344185,-80.0122445,,
"1119087907590725249","WBRE-TV","[""Television station"",""News service""]","https://www.nexstar.tv/stations/wbre/","(570)823-2828",4.6,49,,,"[""Wheelchair accessible entrance"",""Wheelchair accessible parking lot""]","WBRE-TV (Owner)",true,"62 S Franklin St, Wilkes-Barre, PA 18701","Wilkes-Barre","18701","Pennsylvania","US",41.2458615,-75.8845971,"[""communications@nexstar.tv"",""license@nexstar.tv"",""nxst@jcir.com"",""info@theworknumber.com""]","{""facebook"":""https://www.facebook.com/NexstarMediaGroup"",""linkedin"":""https://www.linkedin.com/company/nexstar-media-group-inc"",""instagram"":""https://www.instagram.com/nexstarmediagroupinc/""}"
"10654475844814698723","KNBT","[""Television station""]",,"+1570-674-6084",0,0,,,"[""Wheelchair accessible entrance"",""Wheelchair accessible parking lot""]","KNBT (Owner)",true,"196 N Main St, Shavertown, PA 18708, United States","Shavertown","18708","Pennsylvania","US",41.3234803,-75.94230209999999,,
"13550090329072071292","CMS Station Brokerage","[""Television station""]","http://www.cmsstationbrokerage.com/contact_us.shtml","+1412-421-2600",0,0,,,"[""Wheelchair accessible entrance"",""Wheelchair accessible parking lot""]","CMS Station Brokerage (Owner)",true,"1439 Denniston St, Pittsburgh, PA 15217, United States","Pittsburgh","15217","Pennsylvania","US",40.4425688,-79.9184409,"[""--roger@rafson.com""]","{""twitter"":""https://twitter.com/stationbroker"",""facebook"":""http://www.facebook.com/pages/CMS-Station-Brokerage/203783066305242""}"
"17338212592990423275","Abacus Television","[""Television station""]",,"+1412-205-8292",0,0,,,"[""Wheelchair accessible entrance"",""Wheelchair accessible parking lot""]","Abacus Television (Owner)",true,"975 Greentree Rd, Pittsburgh, PA 15220, United States","Pittsburgh","15220","Pennsylvania","US",40.41874869999999,-80.0455296,,
"2607856056805416354","WPXI-TV transmit","[""Television station""]",,"",0,0,,,"[]","WPXI-TV transmit (Owner)",true,"341 Rising Main Ave, Pittsburgh, PA 15214, United States","Pittsburgh","15214","Pennsylvania","US",40.4631613,-80.0041521,,
"5555115129717635965","WPXI-TV","[""Television station""]","http://www.wpxi.com/","(412)237-1100",4.1,90,,,"[""Wheelchair accessible entrance"",""Wheelchair accessible parking lot""]","WPXI-TV (Owner)",true,"4145 Evergreen Rd, Pittsburgh, PA 15214","Pittsburgh","15214","Pennsylvania","US",40.495263,-80.0098091,"[""desk@wpxi.com"",""advertise@wpxi.com"",""technicalhotline@wpxi.com"",""kconnolly@wpxi.com"",""studio11@wpxi.com"",""target11@wpxi.com"",""webstaff@wpxi.com""]","{""twitter"":""https://twitter.com/wpxi/"",""facebook"":""https://www.facebook.com/wpxi""}"
"13000506435888909771","Visions Media Group LLC (VMG Networks | SIIKETV Network)","[""Television station"",""Advertising agency"",""Media consultant"",""Photography studio"",""Video production service""]",,"+1484-461-2755",0,0,,,"[""Wheelchair accessible parking lot""]","Visions Media Group LLC (VMG Networks | SIIKETV Network) (Owner)",true,"120 E Baltimore Ave, Lansdowne, PA 19050, United States","Lansdowne","19050","Pennsylvania","US",39.9390253,-75.2660554,,
"17353127880052496295","Intelligent Controls","[""Television station""]","http://www.intelligentcontrols.com/","(610)889-2067",0,0,,,"[]","Intelligent Controls (Owner)",true,"7 Great Valley Pkwy # 210, Malvern, PA 19355","Malvern","19355","Pennsylvania","US",40.0643639,-75.5348125,"[""sales@intelligentcontrols.com""]","{}"
"4044523648353940567","Media Highway","[""Television station""]",,"+1610-647-2255",0,0,,,"[""Wheelchair accessible parking lot""]","Media Highway (Owner)",true,"100 Cassatt Rd, Berwyn, PA 19312, United States","Berwyn","19312","Pennsylvania","US",40.0489032,-75.4478985,,
"3260446643167921023","WGAL Channel 8","[""Television station""]","https://wgal.com/","(717)393-5851",4.6,45,,,"[""Wheelchair accessible entrance"",""Wheelchair accessible parking lot""]","WGAL Channel 8 (Owner)",true,"1300 Columbia Ave, Lancaster, PA 17603","Lancaster","17603","Pennsylvania","US",40.037219,-76.33832579999999,"[""news8@wgal.com.you"",""news8@wgal.com"",""web@wgal.com.public"",""programming@wgal.comsales"",""sales@wgal.comfax"",""programming@wgal.com"",""fccinfo@fcc.gov"",""kristin.kay@hearst.com"",""web@wgal.com"",""cdeluca@hearst.com"",""sales@wgal.com"",""roberto.alvira@hearst.com"",""jackie.defusco@hearst.com"",""mjorgensen@hearst.com"",""bethany.miller@hearst.com"",""ehuston@hearst.com"",""mbarcaro@hearst.com"",""lburkholder@hearst.com"",""jgish@hearst.com"",""broche@hearst.com"",""susanshapiro@hearst.com"",""ksmith@hearst.com"",""john.cardinale@hearst.com"",""amy.lu@hearst.com"",""csalas@hearst.com"",""u003ecsalas@hearst.com"",""emcmanamon@hearst.com"",""taylor.hess@hearst.com"",""tom.lehman@hearst.com"",""baylee.martin@hearst.com"",""smetts@hearst.com"",""aj.sisson@hearst.com"",""gabriel.thomas@hearst.com"",""morrissey.walsh@hearst.com"",""ryan.argenti@hearst.com"",""cferreira@hearst.com"",""mike.susko@hearst.com""]","{""twitter"":""https://twitter.com/WGAL"",""facebook"":""https://www.facebook.com/wgal8""}"
"6156597976674671255","Hunting Extreme Productions","[""Television station""]",,"(610)478-0303",0,0,,,"[]","Hunting Extreme Productions (Owner)",true,"531 Greenwich St, Wyomissing, PA 19610","Wyomissing","19610","Pennsylvania","US",40.3422124,-75.9590577,,
"3378039505150531473","Wtaj","[""Television station""]",,"+1814-237-1010",5,2,,,"[""Wheelchair accessible entrance"",""Wheelchair accessible parking lot""]","Wtaj (Owner)",true,"403 S Allen St Unit 104, State College, PA 16801, United States","State College","16801","Pennsylvania","US",40.791752,-77.85657119999999,,
"10759747425782125078","Justus TV & Satellite","[""Television station""]",,"(570)586-9141",5,1,,,"[""Wheelchair accessible parking lot""]","Justus TV & Satellite (Owner)",true,"19 Dragon Ln, Scott, PA 18447","Scott","18447","Pennsylvania","US",41.5266563,-75.645744,,
"2418809118334132425","Catholic Television CTV","[""Television station""]","http://www.dioceseofscranton.org/","(570)207-2219",0,0,,,"[""Wheelchair accessible entrance"",""Wheelchair accessible parking lot""]","Catholic Television CTV (Owner)",true,"400 Wyoming Ave # 201, Scranton, PA 18503","Scranton","18503","Pennsylvania","US",41.4111058,-75.6619379,"[""info@dioceseofscranton.org""]","{""twitter"":""https://twitter.com/dioceseofscr"",""facebook"":""https://www.facebook.com/DioceseOfScranton""}"
"13203055240851423771","WQPX-TV","[""Television station""]",,"(570)344-6400",5,1,,,"[""Wheelchair accessible parking lot""]","WQPX-TV (Owner)",true,"409 Lackawanna Ave, Scranton, PA 18503","Scranton","18503","Pennsylvania","US",41.4076646,-75.6657638,,
"16743662923852946366","ECTV","[""Television station""]",,"(570)800-1906",0,0,,,"[""Wheelchair accessible entrance"",""Wheelchair accessible parking lot""]","ECTV (Owner)",true,"317 Linden St, Scranton, PA 18503","Scranton","18503","Pennsylvania","US",41.4106093,-75.66431089999999,,
"16979982657820890018","ABC","[""Television station""]","http://abc.com/","(570)346-7474",0,0,,,"[""Wheelchair accessible entrance"",""Wheelchair accessible parking lot""]","ABC (Owner)",true,"16 Montage Mountain Rd, Moosic, PA 18507","Moosic","18507","Pennsylvania","US",41.3703306,-75.6816978,"[""changetoabcemail@abc.com""]","{""twitter"":""https://twitter.com/ABCNetwork"",""facebook"":""https://www.facebook.com/ABCNetwork/"",""instagram"":""https://www.instagram.com/ABCNetwork/""}"
"4999525660585049008","NCTV45","[""Television station"",""Advertising agency"",""News service"",""Publisher""]","http://www.nctv45.com/","+1724-510-7345",5,1,,,"[]","NCTV45 (Owner)",true,"26 N Mill St, New Castle, PA 16101, United States","New Castle","16101","Pennsylvania","US",41.0008803,-80.3440569,"[""nctv45@gmail.com""]","{""twitter"":""https://twitter.com/Nctv45"",""facebook"":""https://www.facebook.com/NCTV45com-562643520498221/""}"
"3782455104528253112","EDS TV","[""Television repair service"",""Home automation company"",""Home theater store""]","https://eds-tv.com/?utm_source=google&utm_medium=organic&utm_campaign=seolocale","+1215-997-4300",4.9,206,,,"[""Small business"",""Delivery"",""In-store pickup"",""In-store shopping"",""Onsite services"",""Wheelchair accessible entrance"",""Wheelchair accessible parking lot"",""Assembly service"",""Installation service"",""Repair services"",""Credit cards"",""Debit cards"",""NFC mobile payments""]","EDS TV (Owner)",true,"927 Bethlehem Pike B, Colmar, PA 18915, United States","Colmar","18915","Pennsylvania","US",40.2834213,-75.26157119999999,,
"7043878645683921908","Kw Live TV","[""Television station""]","https://kwlivetv.com/contact-us-1","+1610-792-5900",0,0,,,"[""Wheelchair accessible entrance"",""Wheelchair accessible parking lot""]","Kw Live TV (Owner)",true,"South Research, 400 Arcola Rd A-5, Collegeville, PA 19426, United States","Collegeville","19426","Pennsylvania","US",40.1619772,-75.4631225,"[]","{}"
"7798844642499105463","WZAR TV","[""Television station""]","http://www.wzartv.com/","(610)369-5005",0,0,,,"[]","WZAR TV (Owner)",true,"215 W Philadelphia Ave B-SW, Boyertown, PA 19512","Boyertown","19512","Pennsylvania","US",40.3350551,-75.64119869999999,"[""contact@sansoxygen.com""]","{}"
"16738800063871337405","WYOU-TV transmit","[""Television station""]",,"",0,0,,,"[""Wheelchair accessible parking lot""]","WYOU-TV transmit (Owner)",true,"70 Sterling St, Mountain Top, PA 18707","Mountain Top","18707","Pennsylvania","US",41.1829275,-75.87377769999999,,
"16081478467637388454","Wejiut","[""Television station""]",,"(256)376-1891",0,0,,,"[""Wheelchair accessible parking lot""]","Wejiut (Owner)",true,"15 Orchard Ln, Dallas, PA 18612","Dallas","18612","Pennsylvania","US",41.3196351,-75.9552042,,
"3947881053911238919","Wtajtv 10 Sales","[""Television station""]",,"(814)371-4872",2,1,,,"[""Wheelchair accessible entrance"",""Wheelchair accessible parking lot""]","Wtajtv 10 Sales (Owner)",true,"2 W Park Ave, DuBois, PA 15801","DuBois","15801","Pennsylvania","US",41.120037,-78.76010889999999,,
"181642263113981692","bulbland","[""Television station""]","http://www.bulbland.com/contact-bulbland","+1855-285-2526",0,0,,,"[""Wheelchair accessible parking lot""]","bulbland (Owner)",true,"313 Elm Ave, North Wales, PA 19454, United States","North Wales","19454","Pennsylvania","US",40.2092263,-75.2812958,"[""support@hdetron.com"",""support@bulbland.com""]","{}"
"2049833455541696797","WJAC-TV - State College Bureau","[""Television station""]","http://www.wjactv.com/","+1814-272-5314",3,1,,,"[""Wheelchair accessible entrance"",""Wheelchair accessible parking lot""]","WJAC-TV - State College Bureau (Owner)",true,"1524 W College Ave, State College, PA 16801, United States","State College","16801","Pennsylvania","US",40.7801588,-77.8788713,"[""news@wjactv.com""]","{""twitter"":""https://twitter.com/wjactv"",""facebook"":""https://www.facebook.com/wjactv"",""instagram"":""https://www.instagram.com/unfilteredsoccer/""}"
"18366162368806368290","FOX43 WPMT","[""Television station""]","http://fox43.com/","(717)843-0043",4.5,28,,,"[""Wheelchair accessible entrance"",""Wheelchair accessible parking lot""]","FOX43 WPMT (Owner)",true,"2005 S Queen St, York, PA 17403","York","17403","Pennsylvania","US",39.9406639,-76.6981881,"[]","{}"
"2809362723250751022","Renda Broadcasting Corporation","[""Television station""]","http://www.rendabroadcasting.com/","+1412-875-1800",0,0,,,"[""Wheelchair accessible entrance"",""Wheelchair accessible parking lot"",""Debit cards""]","Renda Broadcasting Corporation (Owner)",true,"900 Parish St, Green Tree, PA 15206, United States","Green Tree","15206","Pennsylvania","US",40.427904,-80.0435799,"[""info@rendamedia.com""]","{}"
"4061840785249531842","MUTV99","[""Television station""]","http://mutv99.com/","",5,2,,,"[""Wheelchair accessible entrance"",""Wheelchair accessible parking lot""]","MUTV99 (Owner)",true,"10 N George St, Millersville, PA 17551","Millersville","17551","Pennsylvania","US",39.9986784,-76.3544115,"[""info@mysite.com"",""mutv99.1@gmail.com""]","{""twitter"":""https://twitter.com/MUTV99"",""facebook"":""https://www.facebook.com/MUTV99.1"",""instagram"":""https://www.instagram.com/mutv_99/""}"
"13665069207538978372","WPXI-TV New Castle Translator","[""Television station""]",,"",0,0,,,"[""Wheelchair accessible parking lot""]","WPXI-TV New Castle Translator (Owner)",true,"803 Shenango Stop Rd, New Castle, PA 16101","New Castle","16101","Pennsylvania","US",40.9504755,-80.2900389,,
"13305856277708040137","Blue Ridge Communications TV-13","[""Television station""]","http://www.brctv13.com/","(610)826-4060",4,22,,,"[""Wheelchair accessible entrance"",""Wheelchair accessible parking lot""]","Blue Ridge Communications TV-13 (Owner)",true,"936 Elm St, Lehighton, PA 18235","Lehighton","18235","Pennsylvania","US",40.8285624,-75.6516753,"[""brcnews@brctv13.com""]","{""twitter"":""https://twitter.com/BRCNews13"",""facebook"":""https://facebook.com/BRCNews13"",""instagram"":""https://www.instagram.com/brctv13""}"
"2663470076364570284","Tom's TV Sales & Services","[""Television repair service""]",,"(610)582-5351",4.2,11,,,"[""Repair services""]","Tom's TV Sales & Services (Owner)",true,"541 W Baumstown Rd, Birdsboro, PA 19508","Birdsboro","19508","Pennsylvania","US",40.285295,-75.8110619,,
"14875908746142988095","Venago Video Inc","[""Television station""]",,"(814)432-8022",0,0,,,"[]","Venago Video Inc (Owner)",true,"503 13th St, Franklin, PA 16323","Franklin","16323","Pennsylvania","US",41.396682,-79.8315385,,
"9529502615383937783","WQED","[""Television station"",""Non-profit organization"",""Media company""]","https://www.wqed.org/","(412)622-1300",4.5,84,,,"[""Wheelchair accessible entrance"",""Wheelchair accessible parking lot""]","WQED (Owner)",true,"4802 Fifth Ave, Pittsburgh, PA 15213","Pittsburgh","15213","Pennsylvania","US",40.4469945,-79.9449724,"[""plus@wqed.org""]","{""facebook"":""https://www.facebook.com/WQEDPittsburgh/"",""linkedin"":""https://www.linkedin.com/company/wqed-multimedia/"",""instagram"":""https://www.instagram.com/wqed/""}"
"15960318824367663098","WVIA WNEP","[""Television station""]",,"",4,1,,,"[]","WVIA WNEP (Owner)",true,"Armstrong Township, PA 17702","Armstrong Township",,"Pennsylvania","US",41.20928809999999,-76.95782419999999,,
"4087644040074148540","Radio Negotiator","[""Television station""]",,"(800)969-2636",0,0,,,"[""Wheelchair accessible parking lot""]","Radio Negotiator (Owner)",true,"15 Reese Ave, Newtown Square, PA 19073","Newtown Square","19073","Pennsylvania","US",39.9840495,-75.400206,,
"1285090290512285351","WPDN DT 24","[""Television station""]",,"(412)682-1890",0,0,,,"[]","WPDN DT 24 (Owner)",true,"3801 Dammond Dr, Pittsburgh, PA 15261","Pittsburgh","15261","Pennsylvania","US",40.44478609999999,-79.9595822,,
"12145578510140129969","Los de Patanegra","[""Television station""]",,"(412)391-2535",0,0,,,"[]","Los de Patanegra (Owner)",true,"2840 Liberty Ave Unit 204, Pittsburgh, PA 15222","Pittsburgh","15222","Pennsylvania","US",40.4569211,-79.97357989999999,,
"4737009059107513707","Moon Community Access Television","[""Television station""]","http://www.mca-tv.org/","+1412-269-1191",3.7,3,,,"[""Wheelchair accessible entrance"",""Wheelchair accessible parking lot""]","Moon Community Access Television (Owner)",true,"1000 Beaver Grade Rd, Moon Township, PA 15108, United States","Moon Township","15108","Pennsylvania","US",40.50532279999999,-80.20562199999999,"[]","{}"
"13584892497923360320","AT&T SportsNet Pittsburgh","[""Television station""]",,"+1412-316-3800",4.3,19,,,"[""Wheelchair accessible entrance"",""Wheelchair accessible parking lot""]","AT&T SportsNet Pittsburgh (Owner)",true,"323 N Shr Dr, Pittsburgh, PA 15212, United States","Pittsburgh","15212","Pennsylvania","US",40.44583189999999,-80.0103627,,
"17915980187723099120","WHVL TV","[""Television station""]","https://www.whvl.com/","+1814-238-9485",3.7,3,,,"[""Wheelchair accessible entrance"",""Wheelchair accessible parking lot""]","WHVL TV (Owner)",true,"2820 E College Ave A, State College, PA 16801, United States","State College","16801","Pennsylvania","US",40.82928,-77.8016481,"[]","{""twitter"":""https://twitter.com/whvl"",""facebook"":""https://www.facebook.com/WHVL-TV-5947619721/"",""instagram"":""https://www.instagram.com/whvl_tv/""}"
"13376930544408440124","WRSC","[""Television station""]",,"+1814-237-4201",5,1,,,"[""Wheelchair accessible parking lot""]","WRSC (Owner)",true,"2551 Park Center Blvd, State College, PA 16801, United States","State College","16801","Pennsylvania","US",40.7692256,-77.8831514,,
"9657765624220959864","WWCP","[""Television station""]",,"+1814-237-4987",5,1,,,"[""Wheelchair accessible entrance"",""Wheelchair accessible parking lot""]","WWCP (Owner)",true,"141 W Beaver Ave, State College, PA 16801, United States","State College","16801","Pennsylvania","US",40.7926836,-77.861469,,
"254345379244895421","WNEP-TV transmit","[""Television station""]",,"",3.3,3,,,"[]","WNEP-TV transmit (Owner)",true,"Mountain Top, PA 18707, United States","Mountain Top","18707","Pennsylvania","US",41.182555,-75.8710253,,
"6740400866806601469","My TV Pro","[""Television station""]","https://myiptvpro.com/contact/","+1610-235-7170",0,0,,,"[]","My TV Pro (Owner)",true,"720 Windermere Ave, Drexel Hill, PA 19026, United States","Drexel Hill","19026","Pennsylvania","US",39.9580539,-75.2889534,"[]","{}"
"18213625298949070134","Millennium Sales & Marketing","[""Television station""]",,"+1215-563-5400",0,0,,,"[]","Millennium Sales \u0026 Marketing (Owner)",true,"1880 John F Kennedy Blvd # 701, Philadelphia, PA 19103, United States","Philadelphia","19103","Pennsylvania","US",39.9540924,-75.17100769999999,,
"10484805619684797133","WGTW TV 48","[""Television station""]","http://www.tbn.org/","(610)583-1370",4,4,,,"[]","WGTW TV 48 (Owner)",true,"1810 Columbia Ave, Folcroft, PA 19032","Folcroft","19032","Pennsylvania","US",39.8896173,-75.2768947,"[""chagen@tbn.tv"",""records@tbn.tv"",""oleg@fishermenlabs.com""]","{""twitter"":""https://twitter.com/tbn"",""facebook"":""https://www.facebook.com/tbn"",""instagram"":""https://instagram.com/tbn""}"
"8825616282317406664","WPXI-TV Uniontown Translator","[""Television station""]",,"",5,1,,,"[""Wheelchair accessible parking lot""]","WPXI-TV Uniontown Translator (Owner)",true,"182 Jumonville Rd, Hopwood, PA 15445","Hopwood","15445","Pennsylvania","US",39.8545247,-79.65553919999999,,
"16746081410327489526","C-Net","[""Television station""]","https://www.cnet1.org/","(814)238-5031",5,1,,,"[""Wheelchair accessible entrance"",""Wheelchair accessible parking lot"",""Debit cards""]","C-Net (Owner)",true,"243 S Allen St Suite 337, State College, PA 16801","State College","16801","Pennsylvania","US",40.7927972,-77.8587939,"[""chahn@cnet1.org""]","{}"
"8313863140006145807","WJAC-TV State College Translator","[""Television station""]",,"",0,0,,,"[""Wheelchair accessible parking lot""]","WJAC-TV State College Translator (Owner)",true,"147 Jackson Trail, Pine Grove Mills, PA 16868","Pine Grove Mills","16868","Pennsylvania","US",40.7167111,-77.8926985,,
"27339683704142048","UNiE TV & Radio","[""Television station""]","https://unie.tv/get-in-touch/","(866)723-1034",0,0,,,"[""Wheelchair accessible parking lot""]","UNiE TV & Radio (Owner)",true,"696 Seven Bridge Rd, East Stroudsburg, PA 18302","East Stroudsburg","18302","Pennsylvania","US",41.005836,-75.1389181,"[]","{}"
"10457188023300438072","WJET ABC 24","[""Television station""]",,"(814)461-1000",4.5,4,,,"[""Wheelchair accessible parking lot""]","WJET ABC 24 (Owner)",true,"1 Boston Store Pl, Erie, PA 16501","Erie","16501","Pennsylvania","US",42.1278923,-80.0844477,,
"10372556431617673933","Pottstown Community TV","[""Television station""]",,"+1610-327-1866",1,1,,,"[""Wheelchair accessible parking lot""]","Pottstown Community TV (Owner)",true,"100 E High St, Pottstown, PA 19464, United States","Pottstown","19464","Pennsylvania","US",40.2456254,-75.65226419999999,,
"16987614905113066662","vowinkle tv","[""Television station""]",,"+1484-544-4477",0,0,,,"[]","vowinkle tv (Owner)",true,"1450 Hawthorn Dr, Easton, PA 18040, United States","Easton","18040","Pennsylvania","US",40.7257965,-75.2420908,,
"11184297913162265639","WTAJ-TV","[""Television station""]","http://www.wearecentralpa.com/","+1814-942-1010",4.7,42,,,"[""Wheelchair accessible entrance"",""Wheelchair accessible parking lot""]","WTAJ-TV (Owner)",true,"5000 6th Ave UNIT 1, Altoona, PA 16602, United States","Altoona","16602","Pennsylvania","US",40.4779118,-78.420959,"[]","{}"
"9956145255979885705","Sportsfever Television Network","[""Television station""]",,"(717)715-5871",1,1,,,"[""Wheelchair accessible entrance"",""Wheelchair accessible parking lot""]","Sportsfever Television Network (Owner)",true,"274 Endslow Rd, Marietta, PA 17547","Marietta","17547","Pennsylvania","US",40.09064499999999,-76.578679,,
"14991195806735868791","WGCB","[""Television station""]",,"(717)246-1681",5,4,,,"[""Wheelchair accessible entrance"",""Wheelchair accessible parking lot""]","WGCB (Owner)",true,"2900 Windsor Rd, Red Lion, PA 17356","Red Lion","17356","Pennsylvania","US",39.9052315,-76.582117,,
"13790703183580317866","TVC Victoriauc","[""Television station""]",,"",0,0,,,"[""Wheelchair accessible parking lot""]","TVC Victoriauc (Owner)",true,"Kennett Square, PA 19348, United States","Kennett Square","19348","Pennsylvania","US",39.8434575,-75.7155703,,
"8936527245533233073","CANAL U","[""Television station""]",,"",0,0,,,"[]","CANAL U (Owner)",true,"700 Arbor Ln, Kennett Square, PA 19348, United States","Kennett Square","19348","Pennsylvania","US",39.8569561,-75.6889427,,
"14598270956693784153","Pottsville TV","[""Television repair service""]",,"(570)628-2226",4.5,13,,,"[""Repair services""]","Pottsville TV (Owner)",true,"951 Cressona Rd, Pottsville, PA 17901","Pottsville","17901","Pennsylvania","US",40.6637758,-76.2041338,,
"14462368130263823318","Geek Squad","[""Television repair service"",""Computer repair service"",""Computer service"",""Data recovery service"",""Mobile phone repair shop""]","https://stores.bestbuy.com/pa/quakertown/646-n-west-end-blvd-1395/geeksquad.html?ref\u003dNS\u0026loc\u003dns100","(215)804-0039",3.1,18,"$$",,"[""Wheelchair accessible entrance"",""Wheelchair accessible parking lot"",""Repair services"",""Batteries"",""Credit cards"",""Debit cards"",""NFC mobile payments"",""On-site parking""]","Geek Squad (Owner)",true,"646 N West End Blvd, Quakertown, PA 18951","Quakertown","18951","Pennsylvania","US",40.4608359,-75.3717618,,
"3641271585436740284","WPCB Cornerstone Network Inc","[""Television station""]","https://ctvn.org/","+1412-824-3930",4.9,36,,,"[""Wheelchair accessible entrance"",""Wheelchair accessible parking lot"",""Debit cards""]","WPCB Cornerstone Network Inc (Owner)",true,"1 Signal Hill Dr, Wall, PA 15148, United States","Wall","15148","Pennsylvania","US",40.3921353,-79.7809997,"[""info@ctvn.org"",""captioninghelp@ctvn.org"",""thollis@ctvn.org""]","{""facebook"":""https://www.facebook.com/CornerstoneTV"",""instagram"":""https://www.instagram.com/CornerstoneTV/""}"
"4609629691187147859","Broadcast Communications Inc","[""Television station""]",,"(724)527-6300",3,1,,,"[""Wheelchair accessible entrance"",""Wheelchair accessible parking lot""]","Broadcast Communications Inc (Owner)",true,"Greensburg, PA 15601","Greensburg","15601","Pennsylvania","US",40.3014581,-79.5389289,,
"5205641259962599568","CBS Pittsburgh","[""Television station""]","https://www.cbsnews.com/pittsburgh/","(412)575-2200",0,0,,,"[""Wheelchair accessible entrance"",""Wheelchair accessible parking lot""]","CBS Pittsburgh (Owner)",true,"420 Fort Duquesne Blvd #100, Pittsburgh, PA 15222","Pittsburgh","15222","Pennsylvania","US",40.4428457,-80.00555299999999,"[""sarah.baldwin@paramount.com""]","{""twitter"":""https://twitter.com/AFGutierrez/status/2021494040668274923"",""facebook"":""https://www.facebook.com/CBSNews/"",""instagram"":""https://instagram.com/cbsnews/""}"
"15809992319621701183","CBS Philadelphia","[""Television station""]","https://www.cbsnews.com/philadelphia/","(215)977-5333",3.9,93,,,"[""Wheelchair accessible entrance"",""Wheelchair accessible parking lot""]","CBS Philadelphia (Owner)",true,"1555 Hamilton St, Philadelphia, PA 19130","Philadelphia","19130","Pennsylvania","US",39.9617803,-75.1643674,"[""sarah.baldwin@paramount.com""]","{""twitter"":""https://twitter.com/AFGutierrez/status/2021494040668274923"",""facebook"":""https://www.facebook.com/CBSNews/"",""instagram"":""https://instagram.com/cbsnews/""}"
"8289729570156165999","Air It Out Radio","[""Radio broadcaster"",""Artist"",""Food court"",""Hip hop dance class"",""Internet cafe"",""Internet marketing service"",""Internet service provider"",""Musician"",""Radiologist"",""Television station""]","https://airitoutradio.net/","(835)225-8859",0,0,,,"[]","Air It Out Radio (Owner)",true,"2424 E York St #226, Philadelphia, PA 19125","Philadelphia","19125","Pennsylvania","US",39.9774533,-75.1245282,"[""filler@godaddy.com"",""itsairitoutradio@gmail.com""]","{""facebook"":""https://www.facebook.com/AIRITOUTRADIO/"",""linkedin"":""https://www.linkedin.com/in/fiya-chick-08057666"",""instagram"":""https://www.instagram.com/airitoutradio/""}"
"12017505615690760429","Welder Training & Testing Institute (WTTI)","[""Television station""]","https://wtti.com/about-us.html","(610)820-9551",4.5,2,,,"[""Wheelchair accessible parking lot""]","Welder Training \u0026 Testing Institute (WTTI) (Owner)",true,"1144 N Graham St, Allentown, PA 18109","Allentown","18109","Pennsylvania","US",40.626309,-75.44727309999999,"[""erik@wtti.com""]","{}"
"2908789105536450406","Flowers Radio & Television","[""Television repair service""]","https://www.flowersradiotv.com/","(724)342-2463",4.5,45,,,"[""Onsite services"",""Wheelchair accessible entrance"",""Wheelchair accessible parking lot"",""Repair services"",""Credit cards"",""NFC mobile payments""]","Flowers Radio & Television (Owner)",true,"3765 E State St, Hermitage, PA 16148","Hermitage","16148","Pennsylvania","US",41.2347884,-80.4405051,,
"2923678541764344168","WBRE-TV transmit","[""Television station""]",,"",0,0,,,"[""Wheelchair accessible parking lot""]","WBRE-TV transmit (Owner)",true,"Mountain Top, PA 18707","Mountain Top","18707","Pennsylvania","US",41.1836271,-75.8668398,,
"8967046537769909458","Fox 56 WOLF","[""Television station""]","https://fox56.com/","+1570-970-5600",4.1,25,,,"[""Wheelchair accessible entrance"",""Wheelchair accessible parking lot""]","Fox 56 WOLF (Owner)",true,"1181 PA-315, Wilkes-Barre, PA 18702, United States","Wilkes-Barre","18702","Pennsylvania","US",41.2607062,-75.8185397,"[""fox56news@sbgtv.com"",""jcadman@sbgtv.com"",""sdomozyc@sbgi.net"",""comments@sbgi.net"",""childrenstv@sbgtv.com"",""advertising@sbgtv.com"",""contentsales@sbgtv.com""]","{""twitter"":""https://twitter.com/fox56wolf"",""facebook"":""https://www.facebook.com/FOX56wolftv"",""instagram"":""https://www.instagram.com/fox56wolftv/""}"
"4356181835140584268","Valley TV Services","[""Television repair service""]",,"(570)788-1004",3,26,,,"[""Repair services"",""Appointment required""]","Valley TV Services (Owner)",true,"Drums, PA 18222","Drums","18222","Pennsylvania","US",41.0331658,-76.0043731,,
"10271383908250861615","Rongaus Broadcast Media Services","[""Television station""]",,"(724)301-1311",4.2,5,,,"[""Wheelchair accessible parking lot""]","Rongaus Broadcast Media Services (Owner)",true,"741 Barkeyville Rd, Grove City, PA 16127","Grove City","16127","Pennsylvania","US",41.1703743,-80.0584231,,
"3983336135174638166","Grind City Media LLC","[""Television station"",""Recording studio""]","http://www.grindcity.biz/","+1412-475-8313",5,1,,,"[""Wheelchair accessible parking lot"",""Debit cards""]","Grind City Media LLC (Owner)",true,"2034 Monongahela Ave, Pittsburgh, PA 15218, United States","Pittsburgh","15218","Pennsylvania","US",40.419346,-79.8890462,"[]","{}"
"6261346833154626424","WJAC-TV Altoona Translator","[""Television station""]",,"",5,1,,,"[""Wheelchair accessible parking lot""]","WJAC-TV Altoona Translator (Owner)",true,"408 Lookout Ave, Dysart, PA 16636","Dysart","16636","Pennsylvania","US",40.569154,-78.44034309999999,,
"6327712007589456028","WJAC","[""Television station""]","http://www.wjactv.com/","(814)371-6022",2.3,3,,,"[""Wheelchair accessible entrance"",""Wheelchair accessible parking lot""]","WJAC (Owner)",true,"801 E DuBois Ave, DuBois, PA 15801","DuBois","15801","Pennsylvania","US",41.1249658,-78.74051419999999,"[""news@wjactv.com""]","{""twitter"":""https://twitter.com/wjactv"",""facebook"":""https://www.facebook.com/wjactv"",""instagram"":""https://www.instagram.com/unfilteredsoccer/""}"
"15201755569334689313","Community Media of South Central PA","[""Television station"",""Media company"",""Non-profit organization""]","http://communitymedia.net/","+1717-334-3000",5,5,,,"[""Wheelchair accessible entrance"",""Wheelchair accessible parking lot""]","Community Media of South Central PA (Owner)",true,"128 N Peters St, New Oxford, PA 17350, United States","New Oxford","17350","Pennsylvania","US",39.8666588,-77.0549289,"[""info@communitymedia.net""]","{""facebook"":""https://www.facebook.com/communitymedia.net"",""linkedin"":""https://www.linkedin.com/company/community-media-pa/"",""instagram"":""https://www.instagram.com/communitymediapeg""}"
"6072015810484811002","NCTV45 & NCRadio450","[""Television station""]","https://www.nctv45.com/","(724)510-7345",5,2,,,"[""Wheelchair accessible entrance"",""Wheelchair accessible parking lot""]","NCTV45 & NCRadio450 (Owner)",true,"2024 Wilmington Rd, New Castle, PA 16105","New Castle","16105","Pennsylvania","US",41.0216588,-80.35422109999999,"[""nctv45@gmail.com""]","{""twitter"":""https://twitter.com/Nctv45"",""facebook"":""https://www.facebook.com/NCTV45com-562643520498221/""}"
"11795928980696311485","Dick's TV Sales & Repair Center","[""Television repair service"",""Electronics repair shop""]","http://dickstv.com/","(724)983-1188",4.5,17,,,"[""Identifies as veteran-owned"",""Wheelchair accessible entrance"",""Wheelchair accessible parking lot""]","Dick's TV Sales & Repair Center (Owner)",true,"1194 E State St, Sharon, PA 16146","Sharon","16146","Pennsylvania","US",41.2329139,-80.48737679999999,,
"9365620216454108885","Radio Television contend production company","[""Television station""]",,"(717)693-1144",0,0,,,"[]","Radio Television contend production company (Owner)",true,"48 E Gay St, Dallastown, PA 17313","Dallastown","17313","Pennsylvania","US",39.8960581,-76.6453549,,
"17513968741656933005","WCBT","[""Television station"",""Computer consultant"",""Computer repair service"",""Web hosting company"",""Website designer""]",,"(814)435-8827",5,1,,,"[]","WCBT (Owner)",true,"25 Prospect Ave, Galeton, PA 16922","Galeton","16922","Pennsylvania","US",41.7320813,-77.6440147,,
"12676066571073889933","Music Mart TV & Electronics","[""Television repair service"",""Electronics store"",""Home cinema installation"",""Music store""]","http://musicmarttv.com/","(814)472-9570",4.6,48,,,"[""Small business"",""Curbside pickup"",""Delivery"",""In-store shopping"",""Onsite services"",""Wheelchair accessible entrance"",""Wheelchair accessible parking lot"",""Gender-neutral restroom"",""Quick visit"",""Credit cards"",""Debit cards"",""NFC mobile payments"",""Good for kids""]","Music Mart TV \u0026 Electronics (Owner)",true,"212 W High St, Ebensburg, PA 15931","Ebensburg","15931","Pennsylvania","US",40.4849693,-78.7266123,,
"8323383896841087184","WF","[""Television station""]",,"(814)952-6788",5,2,,,"[""Wheelchair accessible parking lot""]","WF (Owner)",true,"94 Glory Ln, Summerville, PA 15864","Summerville","15864","Pennsylvania","US",41.1458168,-79.29525749999999,,
"11771882212247373688","JusTV","[""Television station""]",,"(724)824-1699",0,0,,,"[]","JusTV (Owner)",true,"20 Leonberg Rd, Cranberry Twp, PA 16066","Cranberry Twp","16066","Pennsylvania","US",40.7069649,-80.0949031,,
"16621361003595611119","Pioneer Television Network","[""Television station"",""Media company""]","http://www.ptnnow.com/","+1717-945-7090",0,0,,,"[""Onsite services"",""Wheelchair accessible entrance"",""Wheelchair accessible parking lot""]","Pioneer Television Network (Owner)",true,"921 Nissley Rd, Lancaster, PA 17601, United States","Lancaster","17601","Pennsylvania","US",40.0676643,-76.39669169999999,"[""prayer@hopecitylife.com"",""programming@ptnnow.com"",""info@ptnnow.com""]","{""twitter"":""https://twitter.com/PioneerNetwork3"",""facebook"":""https://www.facebook.com/PTN.now"",""instagram"":""https://www.instagram.com/pioneertelevisionnetwork/""}"
"2587841254212741744","WICU 12","[""Television station""]","http://www.erienewsnow.com/","(814)454-5201",4,76,,,"[""Onsite services"",""Wheelchair accessible entrance"",""Wheelchair accessible parking lot""]","WICU 12 (Owner)",true,"3514 State St, Erie, PA 16508","Erie","16508","Pennsylvania","US",42.104579,-80.0690619,"[""news@erienewsnow.com"",""e_n_t@msn.com"",""john@wsee.tv"",""smacdowell@erienewsnow.com"",""drogers@lillybroadcasting.com"",""asnow@wicu12.com"",""eknavel@wicu12.com"",""bcarle@wicu12.com"",""bhoward@erienewsnow.com"",""jduckworth@erienewsnow.com"",""rboscaljon@erienewsnow.com"",""emcneeley@erienewsnow.com"",""apost@erienewsnow.com"",""mruzzi@erienewsnow.com"",""msoliday@erienewsnow.com"",""tteudhope@erienewsnow.com"",""emastromatteo@erienewsnow.com"",""ladams@erienewsnow.com"",""jlast@erienewsnow.com"",""emizner@erienewsnow.com"",""jhixenbaugh@erienewsnow.com"",""pward@erienewsnow.com"",""jpalmer@erienewsnow.com"",""llepiscopo@erienewsnow.com"",""mrobson@erienewsow.com"",""kjeffers@lillybroadcasting.com"",""rknapp@lillybroadcasting.com"",""bscanland@erienewsnow.com"",""weather@erienewsnow.com"",""jstehlin@erienewsnow.com"",""tdivecchio@erienewsnow.com"",""dhunter@erienewsnow.com"",""kroland@erienewsnow.com"",""jlydic@erienewsnow.com"",""csohl@erienewsnow.com"",""mglass@erienewsnow.com"",""mfilippi@erienewsnow.com"",""tolsen@erienewsnow.com"",""kbuzard@erienewsnow.com"",""mspagnola@wicu12.com"",""jsanders@wicu12.com"",""jelan@erienewsnow.com"",""bptak@erienewsnow.com"",""dclark@erienewsnow.com"",""mkobylka@erienewsnow.com"",""jason.klocko@lillybroadcasting.com"",""sbarta@erienewsnow.com"",""rbonniger@erienewsnow.com"",""dcollier@erienewsnow.com"",""jgianoni@erienewsnow.com""]","{""facebook"":""https://www.facebook.com/erienewsnow"",""instagram"":""https://www.instagram.com/erienewsnow""}"
"8455968407915525010","WNUZ AM/FM/TV (No Public Offices / No Visitors Anytime)","[""Television station""]",,"(717)553-9574",0,0,,,"[]","WNUZ AM/FM/TV (No Public Offices / No Visitors Anytime) (Owner)",true,"Stony Hl Rd, Quarryville, PA 17566","Quarryville","17566","Pennsylvania","US",39.9239223,-76.1548543,,
"18342410955382019136","LCTV","[""Television station"",""Non-profit organization""]","https://lctv66.com/","+1717-394-5288",5,2,,,"[""Wheelchair accessible entrance"",""Wheelchair accessible parking lot""]","LCTV (Owner)",true,"252 N Queen St, Lancaster, PA 17603, United States","Lancaster","17603","Pennsylvania","US",40.0424727,-76.3066521,"[""info@lctv66.com""]","{""facebook"":""https://www.facebook.com/LCTV66""}"
"17760964709878236356","Business Rockstars","[""Television station"",""Business networking company"",""Radio broadcaster"",""Media company""]","http://www.businessrockstars.com/","(484)222-0509",4.7,3,,,"[""Wheelchair accessible entrance"",""Wheelchair accessible parking lot""]","Business Rockstars (Owner)",true,"408 E 4th St # 300, Bridgeport, PA 19405","Bridgeport","19405","Pennsylvania","US",40.1043428,-75.3328922,"[]","{""twitter"":""https://twitter.com/bizrockstars"",""facebook"":""https://www.facebook.com/bizrockstars/"",""instagram"":""https://www.instagram.com/bizrockstars/""}"
"16348321216233179696","YVONNE KANDI PRODUCTIONS","[""Radio broadcaster"",""Television station""]",,"(267)912-4616",0,0,,,"[]","YVONNE KANDI PRODUCTIONS (Owner)",true,"1657 The Fairway #169, Jenkintown, PA 19046","Jenkintown","19046","Pennsylvania","US",40.1071643,-75.118815,,
"4257287754974208814","WITF TV FM","[""Television station""]",,"(717)233-4900",0,0,,,"[]","WITF TV FM (Owner)",true,"1982 Locust Ln, Harrisburg, PA 17109","Harrisburg","17109","Pennsylvania","US",40.288746,-76.86027899999999,,
"3791558402712898880","WATM-TV & WWCP-TV","[""Television station""]","https://www.fox8tv.com/","(814)266-8088",5,2,,,"[""Wheelchair accessible entrance"",""Wheelchair accessible parking lot"",""Debit cards"",""NFC mobile payments""]","WATM-TV & WWCP-TV (Owner)",true,"90 Lulay St #1, Johnstown, PA 15904","Johnstown","15904","Pennsylvania","US",40.2963175,-78.8726839,"[]","{}"
"3504317148862578971","Kingdom Live Productions","[""Television station""]",,"(412)368-8460",0,0,,,"[""Wheelchair accessible parking lot""]","Kingdom Live Productions (Owner)",true,"1609 West St, Homestead, PA 15120","Homestead","15120","Pennsylvania","US",40.4012155,-79.90587479999999,,
"4220289858661561242","SRP Steve Rotfeld Productions","[""Television station""]","https://www.rotfeldproductions.com/","",0,0,,,"[]","SRP Steve Rotfeld Productions (Owner)",true,"West Ave, Bryn Mawr, PA 19010","Bryn Mawr","19010","Pennsylvania","US",40.01220379999999,-75.3161267,"[]","{}"
"3180770889259590385","Premium IP TV Home","[""Television station""]",,"(201)940-1544",0,0,,,"[]","Premium IP TV Home (Owner)",true,"E Hummelstown St, Elizabethtown, PA 17022","Elizabethtown","17022","Pennsylvania","US",40.1566029,-76.599132,,
"9609265398195926920","Philly 57","[""Television station""]","https://www.cbsnews.com/philadelphia/philly-57/","(215)977-5700",5,1,,,"[""Wheelchair accessible entrance""]","Philly 57 (Owner)",true,"1555 Hamilton St, Philadelphia, PA 19130","Philadelphia","19130","Pennsylvania","US",39.9618495,-75.1644146,"[""sarah.baldwin@paramount.com""]","{""twitter"":""https://twitter.com/AFGutierrez/status/2021494040668274923"",""facebook"":""https://www.facebook.com/CBSNews/"",""instagram"":""https://instagram.com/cbsnews/""}"
"3718387138749774320","Ceney Electronics","[""Television repair service"",""Stereo repair service""]",,"+1412-821-3344",4.1,27,,,"[""Onsite services"",""Wheelchair accessible entrance"",""Wheelchair accessible parking lot""]","Ceney Electronics (Owner)",true,"318 Grant Ave, Millvale, PA 15209, United States","Millvale","15209","Pennsylvania","US",40.479776,-79.97272319999999,,
"1534197874541591840","WYOU Television Channel 22","[""Television station""]","http://pahomepage.com/","+1570-961-2222",4.8,9,,,"[""Wheelchair accessible entrance"",""Wheelchair accessible parking lot""]","WYOU Television Channel 22 (Owner)",true,"62 S Franklin St, Wilkes-Barre, PA 18701, United States","Wilkes-Barre","18701","Pennsylvania","US",41.24587289999999,-75.8845783,"[]","{}"
"16587409429217815328","WYLN-TV 35","[""Television station""]","https://www.wylntv35.com/","(570)459-1869",4.3,10,,,"[""Wheelchair accessible entrance"",""Wheelchair accessible parking lot""]","WYLN-TV 35 (Owner)",true,"1437 PA-940 suite 3, Hazle Township, PA 18202","Hazle Township","18202","Pennsylvania","US",40.9863675,-75.9538082,"[""news@wylntv.com"",""jbonomo@ptd.net""]","{""twitter"":""https://twitter.com/WylnTv"",""facebook"":""https://www.facebook.com/wylnnews""}"
"15575631708188910582","White Rose Community Television (WRCT)","[""Television station""]","http://wrct.tv/","+1717-843-7722",4.7,7,,,"[""Wheelchair accessible entrance"",""Wheelchair accessible parking lot""]","White Rose Community Television (WRCT) (Owner)",true,"122 S Lehman St, York, PA 17403, United States","York","17403","Pennsylvania","US",39.968816,-76.705046,"[]","{""facebook"":""https://www.facebook.com/WhiteRoseCommunityTV""}"
"2600061196143227677","WNEP-TV","[""Television station""]","http://www.wnep.com/","+1570-346-7474",3.8,114,,,"[""Wheelchair accessible entrance"",""Wheelchair accessible parking lot""]","WNEP-TV (Owner)",true,"16 Montage Mountain Rd, Moosic, PA 18507, United States","Moosic","18507","Pennsylvania","US",41.3701952,-75.6815369,"[]","{""facebook"":""https://www.facebook.com/TVNewsWatchers/""}"
"15107319617863563207","WJET (JET 24) / WFXP (FOX 66)","[""Television station""]","http://yourerie.com/","(814)868-2424",4,37,,,"[""Wheelchair accessible entrance"",""Wheelchair accessible parking lot"",""Wheelchair accessible restroom"",""Wheelchair accessible seating"",""Gender-neutral restroom"",""LGBTQ+ friendly"",""Transgender safespace""]","WJET (JET 24) / WFXP (FOX 66) (Owner)",true,"8455 Peach St, Erie, PA 16509","Erie","16509","Pennsylvania","US",42.0405703,-80.0690406,"[]","{}"
"14175137401833960675","Telemundo 62","[""Television station""]","https://www.telemundo62.com/","(215)201-5210",5,1,,,"[]","Telemundo 62 (Owner)",true,"1800 Arch St, Philadelphia, PA 19103","Philadelphia","19103","Pennsylvania","US",39.9549479,-75.1704073,"[""mailaddress@client.com"",""mailadress@client.com""]","{""facebook"":""https://www.facebook.com/Telemundo62"",""instagram"":""https://instagram.com/Telemundo62""}"
"4242006248858849179","Clark's TV & Appliance Inc","[""Television repair service"",""Appliance repair service"",""Appliance store"",""Washer & dryer repair service""]","https://www.clarkstv.com/","(610)944-7335",4.6,94,,,"[""Small business"",""Delivery"",""In-store pickup"",""In-store shopping"",""Onsite services"",""Same-day delivery"",""Wheelchair accessible entrance"",""Wheelchair accessible parking lot"",""Assembly service"",""Installation service"",""Repair services"",""Service guarantee"",""Electronics"",""Credit cards"",""Debit cards""]","Clark's TV & Appliance Inc (Owner)",true,"13 E Main St, Fleetwood, PA 19522","Fleetwood","19522","Pennsylvania","US",40.4537979,-75.81875219999999,,
"9853210271933529025","Music Choice","[""Television station""]","https://www.musicchoice.com/","+1215-784-5894",4.6,16,,,"[""Wheelchair accessible entrance"",""Wheelchair accessible parking lot"",""Debit cards""]","Music Choice (Owner)",true,"110 Gibraltar Rd, Horsham, PA 19044, United States","Horsham","19044","Pennsylvania","US",40.1714767,-75.1309593,"[]","{""twitter"":""https://www.twitter.com/musicchoice"",""facebook"":""https://www.facebook.com/musicchoice"",""instagram"":""https://www.instagram.com/musicchoice""}"
"8807637372991725776","WJAC-TV Altoona Bureau","[""Television station""]","http://wjactv.com/","",4,2,,,"[""Wheelchair accessible entrance"",""Wheelchair accessible parking lot""]","WJAC-TV Altoona Bureau (Owner)",true,"3341 Beale Ave, Altoona, PA 16601, United States","Altoona","16601","Pennsylvania","US",40.4932673,-78.417124,"[""news@wjactv.com""]","{""twitter"":""https://twitter.com/wjactv"",""facebook"":""https://www.facebook.com/wjactv"",""instagram"":""https://www.instagram.com/unfilteredsoccer/""}"
"15017045249463339136","WQMY-TV","[""Television station""]",,"",0,0,,,"[]","WQMY-TV (Owner)",true,"157 Bertin Heights, Williamsport, PA 17702","Williamsport","17702","Pennsylvania","US",41.2004265,-77.120154,,
"15394598120815349286","WJAC-TV","[""Television station""]","http://www.wjactv.com/","(814)255-7600",4,22,,,"[""Wheelchair accessible entrance"",""Wheelchair accessible parking lot""]","WJAC-TV (Owner)",true,"49 Old Hickory Ln, Johnstown, PA 15905","Johnstown","15905","Pennsylvania","US",40.2954036,-78.9373552,"[""news@wjactv.com""]","{""twitter"":""https://twitter.com/wjactv"",""facebook"":""https://www.facebook.com/wjactv"",""instagram"":""https://www.instagram.com/unfilteredsoccer/""}"
"12279813320821867895","WJAC-TV Bedford Translator","[""Television station""]",,"",0,0,,,"[""Wheelchair accessible parking lot""]","WJAC-TV Bedford Translator (Owner)",true,"10015 Clear Shade Dr, Windber, PA 15963","Windber","15963","Pennsylvania","US",40.19871,-78.6830426,,
"4359606760477481491","WTVL Broadcasting","[""Television station""]","https://www.wtvl.org/","(844)758-4872",0,0,,,"[""Identifies as LGBTQ+ owned"",""Wheelchair accessible parking lot"",""Wheelchair accessible restroom"",""Wheelchair accessible seating"",""Gender-neutral restroom"",""LGBTQ+ friendly"",""Transgender safespace"",""On-site parking""]","WTVL Broadcasting (Owner)",true,"12979 Main St, Hydetown, PA 16328","Hydetown","16328","Pennsylvania","US",41.6549205,-79.7288276,"[]","{}"
"1874238405833941832","Sjl of Pennsylvania Inc","[""Television station""]",,"(814)454-5201",0,0,,,"[]","Sjl of Pennsylvania Inc (Owner)",true,"3514 State St, Erie, PA 16508","Erie","16508","Pennsylvania","US",42.1044945,-80.0690927,,
"1642780208197777583","The Sanctuary Stunt Studio","[""Community center"",""Amateur theater"",""Art studio"",""Event venue"",""Self defense school"",""Studying center"",""Television station"",""Theater company"",""Theater production"",""Video conferencing service""]","https://sanctuarypatv.carrd.co/","(570)751-4666",4.8,23,,,"[""Wheelchair accessible entrance"",""Wheelchair accessible parking lot"",""Wheelchair accessible restroom"",""Wheelchair accessible seating"",""Restroom"",""LGBTQ+ friendly"",""Transgender safespace""]","The Sanctuary Stunt Studio (Owner)",true,"172 N Wyoming St, Hazleton, PA 18201","Hazleton","18201","Pennsylvania","US",40.9581343,-75.9722013,"[""sanctuarypatv@gmail.com""]","{""twitter"":""https://twitter.com/sanctuarypatv/"",""facebook"":""https://www.facebook.com/SanctuaryPA/"",""instagram"":""https://www.instagram.com/sanctuarypa/""}"
"9093866743626502024","WBYO","[""Television station""]",,"(610)589-2186",5,1,,,"[]","WBYO (Owner)",true,"Newmanstown, PA 17073","Newmanstown","17073","Pennsylvania","US",40.3495292,-76.2132998,,
"1122372420495208773","Ace Electronics Repairs","[""Television repair service"",""Audio visual equipment repair service"",""Stereo repair service"",""Electronics repair shop"",""Video equipment repair service""]","https://www.aceelectronicsrepairs.com/","+1610-935-3520",4.5,265,,,"[""Onsite services"",""Wheelchair accessible parking lot""]","Ace Electronics Repairs (Owner)",true,"1322 Veronica Ln, Phoenixville, PA 19460, United States","Phoenixville","19460","Pennsylvania","US",40.1173327,-75.5346383,,
"15522925107132099048","Unique Video & Sound, LLC","[""Home theater store"",""Audio visual equipment supplier"",""Closed circuit television"",""Security system installation service"",""Home audio store""]","https://uniquevideosound.com/","(267)871-9662",4.8,34,,,"[""Small business"",""Wheelchair accessible parking lot"",""Installation service"",""Repair services"",""Appointment required"",""Checks"",""Credit cards"",""Debit cards""]","Unique Video & Sound, LLC (Owner)",true,"550 California Rd #9, Quakertown, PA 18951","Quakertown","18951","Pennsylvania","US",40.4586327,-75.3566883,,
"12064358696346090234","BCTV","[""Television station"",""Media company"",""Non-profit organization""]","http://www.bctv.org/","(610)374-3065",4.8,23,,,"[""Wheelchair accessible entrance"",""Wheelchair accessible parking lot""]","BCTV (Owner)",true,"401 Penn St Suite 162, Reading, PA 19601","Reading","19601","Pennsylvania","US",40.3357769,-75.9295466,"[""bctv@bctv.org"",""jsmith@gmail.com"",""jfurdyna@bctv.org"",""jfreeman@bctv.org"",""staff@bctv.org"",""jjordan@bctv.org"",""mhaas@bctv.org""]","{""twitter"":""https://twitter.com/bctvberks"",""facebook"":""https://www.facebook.com/bctvberks"",""linkedin"":""https://www.linkedin.com/company/bctvberks/"",""instagram"":""https://www.instagram.com/bctvberks/""}"
"6214781320930031936","WTVE","[""Television station""]",,"",0,0,,,"[]","WTVE (Owner)",true,"1729 N 11th St, Reading, PA 19604, United States","Reading","19604","Pennsylvania","US",40.3614733,-75.9150586,,
"6966013868508563426","WFMZ","[""Television station""]","http://www.wfmz.com/","(610)797-4530",4.2,12,,,"[""Wheelchair accessible entrance"",""Wheelchair accessible parking lot""]","WFMZ (Owner)",true,"225 Court St, Reading, PA 19601","Reading","19601","Pennsylvania","US",40.336542,-75.9334841,"[""comments@wfmz.com"",""thinktank@wfmz.com""]","{""twitter"":""https://twitter.com/69News/"",""facebook"":""https://www.facebook.com/69WFMZ"",""instagram"":""https://www.instagram.com/69news/""}"
"8416621916002012534","WFMZ-TV 69News","[""Television station""]","https://www.wfmz.com/?utm_source=google&utm_medium=organic&utm_campaign=gbp","(610)797-4530",4.4,79,,,"[""Wheelchair accessible entrance"",""Wheelchair accessible parking lot"",""Debit cards""]","WFMZ-TV 69News (Owner)",true,"300 E Rock Rd, Allentown, PA 18103","Allentown","18103","Pennsylvania","US",40.5648551,-75.4400946,"[""comments@wfmz.com"",""thinktank@wfmz.com""]","{""twitter"":""https://twitter.com/69News/"",""facebook"":""https://www.facebook.com/69WFMZ"",""instagram"":""https://www.instagram.com/69news/""}"
"11791332372511335754","WHP CBS 21","[""Television station""]","http://local21news.com/","(717)238-2100",3.8,28,,,"[""Wheelchair accessible entrance"",""Wheelchair accessible parking lot""]","WHP CBS 21 (Owner)",true,"3300 N 6th St, Harrisburg, PA 17110","Harrisburg","17110","Pennsylvania","US",40.2999233,-76.8965782,"[""shoreland717.857.5183kshoreland@sbgtv.com"",""kshoreland@sbgtv.com""]","{""twitter"":""https://twitter.com/cbs21news"",""facebook"":""https://www.facebook.com/cbs21news"",""instagram"":""https://www.instagram.com/whptv/""}"
"5828408604947164698","CW Central PA","[""Television station""]","https://cwcentralpa.com/","",1,1,,,"[""Wheelchair accessible entrance"",""Wheelchair accessible parking lot""]","CW Central PA (Owner)",true,"3300 N 6th St, Harrisburg, PA 17110, United States","Harrisburg","17110","Pennsylvania","US",40.2998801,-76.89667759999999,"[""news@cbs21.com"",""rhershey@sbgtv.com"",""sdomozyc@sbgi.net"",""comments@sbgi.net"",""advertising@sbgtv.com"",""contentsales@sbgtv.com""]","{""twitter"":""https://twitter.com/TheCWCentralPA"",""facebook"":""https://www.facebook.com/CWCentralPA""}"
"10683182057424853635","U-Rock Network, LLC","[""Radio broadcaster"",""Musician"",""Recording studio"",""Television station""]","https://urocklivetv.com/","(484)363-4055",0,0,,,"[]","U-Rock Network, LLC (Owner)",true,"1409 Yates Ave suite 101, Linwood, PA 19061","Linwood","19061","Pennsylvania","US",39.8262973,-75.4177538,"[]","{}"
"3736146374228180729","Washington Broadcasting Co","[""Television station""]",,"(724)222-1155",3.6,5,,,"[""Wheelchair accessible entrance"",""Wheelchair accessible parking lot""]","Washington Broadcasting Co (Owner)",true,"Boyd Dr, Washington, PA 15301","Washington","15301","Pennsylvania","US",40.1913542,-80.2615604,,
"10774333108553504853","22 The Point (WPNT)","[""Television station""]","http://22thepoint.com/","",0,0,,,"[""Wheelchair accessible entrance"",""Wheelchair accessible parking lot""]","22 The Point (WPNT) (Owner)",true,"750 Ivory Ave, Pittsburgh, PA 15214","Pittsburgh","15214","Pennsylvania","US",40.4955962,-80.0042601,"[""closedcaptioning@mypittsburghtv.com"",""sdomozyc@sbgi.net"",""comments@sbgi.net"",""pittsburgh-wpgh-programming@sbgtv.com"",""childrenstv@sbgtv.com"",""advertising@sbgtv.com"",""contentsales@sbgtv.com""]","{""twitter"":""https://twitter.com/22ThePoint"",""facebook"":""https://www.facebook.com/22ThePoint/""}"
"17212320014458536395","KDKA-TV transmit","[""Television station""]",,"",5,1,,,"[]","KDKA-TV transmit (Owner)",true,"4112 Grizella St, Pittsburgh, PA 15214","Pittsburgh","15214","Pennsylvania","US",40.49420629999999,-80.0169416,,
"9855192003760115775","TV Radio Laboratories","[""Television station""]",,"(570)801-7178",5,1,,,"[""Wheelchair accessible parking lot""]","TV Radio Laboratories (Owner)",true,"7459 Mount Eaton Road, Saylorsburg, PA 18353","Saylorsburg","18353","Pennsylvania","US",40.8738857,-75.3268923,,
"18414273782531742278","PCN","[""Television station""]","https://pcntv.com/","(717)730-6000",4,10,,,"[""Wheelchair accessible entrance"",""Wheelchair accessible parking lot""]","PCN (Owner)",true,"401 Fallowfield Rd, Camp Hill, PA 17011","Camp Hill","17011","Pennsylvania","US",40.2339865,-76.9439094,"[""closedcaption@pcntv.com"",""info@pcntv.com"",""events@pcntv.com""]","{""twitter"":""https://twitter.com/pcntv"",""facebook"":""https://facebook.com/pcntv"",""linkedin"":""https://www.linkedin.com/company/pennsylvania-cable-network-pcn-/"",""instagram"":""https://instagram.com/pennsylvaniacablenetwork""}"
"15947289820285313049","KMPO","[""Television station""]",,"",3,2,,,"[""Wheelchair accessible parking lot""]","KMPO (Owner)",true,"Coolbaugh Township, PA 18466","Coolbaugh Township","18466","Pennsylvania","US",41.1371245,-75.3796879,,
"2145884683120215416","thespotlot","[""Television station""]",,"(800)860-7966ext.106",0,0,,,"[""Wheelchair accessible parking lot""]","thespotlot (Owner)",true,"216 Pleasant Dr, Aliquippa, PA 15001","Aliquippa","15001","Pennsylvania","US",40.6379645,-80.3226816,,
"14779326338620064560","Harrisburg Broadcast Network","[""Television station""]","https://harrisburgpa.gov/services/communications/whbg_tv.php","+1717-255-3040",0,0,,,"[""Wheelchair accessible entrance"",""Wheelchair accessible parking lot""]","Harrisburg Broadcast Network (Owner)",true,"223 Walnut St, Harrisburg, PA 17101, United States","Harrisburg","17101","Pennsylvania","US",40.2612045,-76.8824971,"[""noreply@revize.com"",""webpageupdate_subscribers@revize.com"",""communications@harrisburgpa.gov"",""info@harrisburgpa.gov""]","{""twitter"":""https://twitter.com/thecityofhbg"",""facebook"":""https://www.facebook.com/thecityofhbg/"",""linkedin"":""https://www.linkedin.com/company/city-of-harrisburg"",""instagram"":""https://instagram.com/thecityofhbg""}"
"6744546066291417599","Gay Life Television","[""Television station""]",,"(724)292-4588",0,0,,,"[]","Gay Life Television (Owner)",true,"4111 Penn Ave, Pittsburgh, PA 15224","Pittsburgh","15224","Pennsylvania","US",40.4658666,-79.954798,,
"4611470383076862905","Univest Public Media Center","[""Television station""]","http://www.wlvt.org/","(610)867-4677",4.6,63,,,"[""Onsite services"",""Wheelchair accessible entrance"",""Wheelchair accessible parking lot""]","Univest Public Media Center (Owner)",true,"839 Sesame St, Bethlehem, PA 18015","Bethlehem","18015","Pennsylvania","US",40.6140199,-75.36680969999999,"[""volunteer@wlvt.org"",""sponsor@pbs39.org""]","{""twitter"":""https://twitter.com/PBS39Channel"",""facebook"":""https://www.facebook.com/PBS39Channel/"",""linkedin"":""https://www.linkedin.com/company/pbs39channel"",""instagram"":""https://www.instagram.com/pbs39channel/""}"
"14508666481774644303","WJET/WFXP-TV transmit","[""Television station""]",,"",4.7,9,,,"[""Wheelchair accessible parking lot""]","WJET/WFXP-TV transmit (Owner)",true,"8631 Peach St, Erie, PA 16509","Erie","16509","Pennsylvania","US",42.0378222,-80.0622166,,
"16773301003627436742","Watm","[""Television station""]",,"(814)266-8088",5,1,,,"[""Wheelchair accessible parking lot""]","Watm (Owner)",true,"1450 Scalp Ave, Johnstown, PA 15904","Johnstown","15904","Pennsylvania","US",40.2706645,-78.85869079999999,,
"867600845837519579","WJAC-TV transmit","[""Television station""]","http://wjactv.com/","(814)255-7600",3.5,4,,,"[]","WJAC-TV transmit (Owner)",true,"Johnstown, PA 15906","Johnstown","15906","Pennsylvania","US",40.3711991,-78.9821013,"[""news@wjactv.com""]","{""twitter"":""https://twitter.com/wjactv"",""facebook"":""https://www.facebook.com/wjactv"",""instagram"":""https://www.instagram.com/unfilteredsoccer/""}"
"17560506850688995402","WQLN","[""Radio broadcaster"",""Television station"",""Video production service""]","http://www.wqln.org/","(814)864-3001",4.8,66,,,"[""Wheelchair accessible entrance"",""Wheelchair accessible parking lot"",""Wheelchair accessible restroom"",""Wheelchair accessible seating""]","WQLN (Owner)",true,"8425 Peach St, Erie, PA 16509","Erie","16509","Pennsylvania","US",42.04227789999999,-80.0658126,"[""cab@wqln.org"",""membership@wqln.org"",""bthompson@wqln.org""]","{""twitter"":""https://twitter.com/WQLNPBSNPR"",""facebook"":""https://www.facebook.com/WQLNPBSNPR"",""linkedin"":""https://www.linkedin.com/company/wqln-pbs-npr"",""instagram"":""https://www.instagram.com/wqlnpbsnpr/""}"
"16029907614822984278","Surround Sounds","[""Television repair service"",""Contractor"",""Custom home builder"",""Home audio store"",""Home theater store""]","http://www.surroundsounds.com/","(610)524-6900",4.7,33,,,"[""Small business"",""Delivery"",""Onsite services"",""Wheelchair accessible entrance"",""Wheelchair accessible parking lot"",""Assembly service"",""Installation service"",""Repair services"",""Credit cards"",""Debit cards""]","Surround Sounds (Owner)",true,"215 Lincoln Hwy, Exton, PA 19341","Exton","19341","Pennsylvania","US",40.0290471,-75.6238206,,
"159770193638256953","Northeastern Pa Educational TV","[""Television station""]",,"+1570-602-1124",0,0,,,"[""Wheelchair accessible parking lot""]","Northeastern Pa Educational TV (Owner)",true,"100 Wvia Way, Jenkins Township, PA 18640, United States","Jenkins Township","18640","Pennsylvania","US",41.2935333,-75.775238,,
"15484799449147230018","Independence Public Media","[""Television station""]","https://www.independencemedia.org/","+1215-483-3900",5,1,,,"[""Wheelchair accessible entrance"",""Wheelchair accessible parking lot""]","Independence Public Media (Owner)",true,"441 N 5th St #200, Philadelphia, PA 19123, United States","Philadelphia","19123","Pennsylvania","US",39.9591976,-75.1465494,"[""info@peoplesmediafund.org""]","{""linkedin"":""https://www.linkedin.com/company/peoples-media-fund"",""instagram"":""https://www.instagram.com/peoplesmediafund/""}"
"13770281757844048359","Penna PBS","[""Television station""]","https://pennsylvaniapbs.org/","",0,0,,,"[""Wheelchair accessible entrance"",""Wheelchair accessible parking lot""]","Penna PBS (Owner)",true,"24 Northeast Dr, Hershey, PA 17033","Hershey","17033","Pennsylvania","US",40.2921617,-76.6500123,"[""info@pennsylvaniapbs.org""]","{""twitter"":""https://twitter.com/pa_pbs"",""facebook"":""https://www.facebook.com/PennsylvaniaPBS"",""linkedin"":""https://www.linkedin.com/company/pennsylvania-pbs/"",""instagram"":""https://www.instagram.com/pa.pbs""}"
"15733943980825942632","Furia Rubel Communications, Inc.","[""Television station"",""Advertising agency"",""Graphic designer"",""Promotional products supplier"",""Public relations firm""]","https://www.furiarubel.com/","(215)340-0480",5,20,,,"[""Identifies as women-owned"",""Online appointments"",""Wheelchair accessible entrance"",""Wheelchair accessible parking lot"",""Appointment required""]","Furia Rubel Communications, Inc. (Owner)",true,"2 Hidden Ln, Doylestown, PA 18901","Doylestown","18901","Pennsylvania","US",40.3219464,-75.1595088,"[""gina@furiarubel.com""]","{""facebook"":""https://www.facebook.com/FuriaRubel"",""linkedin"":""https://www.linkedin.com/company/furia-rubel-communications""}"
"4464443072554726396","WTAE","[""Television station""]","http://www.wtae.com/","(412)242-4300",4,84,,,"[""Wheelchair accessible entrance"",""Wheelchair accessible parking lot""]","WTAE (Owner)",true,"400 Ardmore Blvd, Pittsburgh, PA 15221","Pittsburgh","15221","Pennsylvania","US",40.43583479999999,-79.8686862,"[""news@wtae.comto"",""wtaecaptioning@hearst.com"",""fccinfo@fcc.gov"",""news@wtae.com"",""roberto.alvira@hearst.com"",""jackie.defusco@hearst.com"",""carlos.flores@hearst.com"",""mjclark@hearst.com"",""jmhall@hearst.com"",""elena.laquatra@hearst.com"",""sperrine@hearst.com"",""nkristen.powers@hearst.com"",""kristen.powers@hearst.com"",""rrecker@hearst.com"",""ksasso@hearst.com"",""astockey@hearst.com"",""mwright@hearst.com"",""john.cardinale@hearst.com"",""amy.lu@hearst.com"",""csalas@hearst.com"",""u003ecsalas@hearst.com"",""emcmanamon@hearst.com"",""jordan.cioppa@hearst.com"",""mcipriani@hearst.com"",""lily.coleman@hearst.com"",""kalea.gunderson@hearst.com"",""slingram@hearst.com"",""aliotus@hearst.com"",""yazmin.rodriguez@hearst.com"",""felicity.taylor@hearst.com"",""pvanosdol@hearst.com"",""adougherty@hearst.com"",""mwharvey@hearst.com"",""jill.szwed@hearst.com""]","{""twitter"":""https://twitter.com/WTAE"",""facebook"":""https://www.facebook.com/wtae4""}"
"14389639642571288827","WTAE-TV transmit","[""Television station"",""Telecommunications""]","http://www.wtae.com/","",4.3,6,,,"[]","WTAE-TV transmit (Owner)",true,"Buena Vista, PA 15018, United States","Buena Vista","15018","Pennsylvania","US",40.2804991,-79.8029689,"[""news@wtae.comto"",""wtaecaptioning@hearst.com"",""fccinfo@fcc.gov"",""news@wtae.com"",""roberto.alvira@hearst.com"",""jackie.defusco@hearst.com"",""carlos.flores@hearst.com"",""mjclark@hearst.com"",""jmhall@hearst.com"",""elena.laquatra@hearst.com"",""sperrine@hearst.com"",""nkristen.powers@hearst.com"",""kristen.powers@hearst.com"",""rrecker@hearst.com"",""ksasso@hearst.com"",""astockey@hearst.com"",""mwright@hearst.com"",""john.cardinale@hearst.com"",""amy.lu@hearst.com"",""csalas@hearst.com"",""u003ecsalas@hearst.com"",""emcmanamon@hearst.com"",""jordan.cioppa@hearst.com"",""mcipriani@hearst.com"",""lily.coleman@hearst.com"",""kalea.gunderson@hearst.com"",""slingram@hearst.com"",""aliotus@hearst.com"",""yazmin.rodriguez@hearst.com"",""felicity.taylor@hearst.com"",""pvanosdol@hearst.com"",""adougherty@hearst.com"",""mwharvey@hearst.com"",""jill.szwed@hearst.com""]","{""twitter"":""https://twitter.com/WTAE"",""facebook"":""https://www.facebook.com/wtae4""}"
"7693304419420961167","ABC 27 WHTM","[""Television station""]","https://www.abc27.com/","(717)236-2727",4.5,91,,,"[""Onsite services"",""Wheelchair accessible entrance"",""Wheelchair accessible parking lot""]","ABC 27 WHTM (Owner)",true,"3235 Hoffman St, Harrisburg, PA 17110","Harrisburg","17110","Pennsylvania","US",40.29928109999999,-76.8956054,"[]","{}"
"8250225522481348466","WITF","[""Radio broadcaster"",""News service"",""Publisher"",""Television station""]","https://www.witf.org/","(717)704-3000",4.6,45,,,"[""Wheelchair accessible entrance"",""Wheelchair accessible parking lot"",""Debit cards""]","WITF (Owner)",true,"4801 Lindle Rd, Harrisburg, PA 17111","Harrisburg","17111","Pennsylvania","US",40.2424234,-76.79934329999999,"[""customerservice@witf.org"",""donorservices@witf.org"",""news@witf.org"",""thespark@witf.org"",""volunteer@witf.org"",""christine_smith@witf.org"",""tom_baldrige@pennon.org"",""board@witf.org"",""humanresources@witf.org""]","{""twitter"":""http://twitter.com/witfnews"",""facebook"":""https://www.facebook.com/witfnews"",""linkedin"":""https://www.linkedin.com/company/witf-inc"",""instagram"":""https://www.instagram.com/witfnews/""}"
"396458871324330912","WTXF-TV (Philadelphia) transmitter tower","[""Television station""]",,"",4.6,9,,,"[]","WTXF-TV (Philadelphia) transmitter tower (Owner)",true,"340 Domino Ln, Philadelphia, PA 19128","Philadelphia","19128","Pennsylvania","US",40.0405611,-75.2378583,,
"12515250002904377328","Fox 29 Philadelphia","[""Television station""]","http://www.fox29.com/","(215)925-2929",4.7,208,,,"[""Wheelchair accessible entrance"",""Wheelchair accessible parking lot""]","Fox 29 Philadelphia (Owner)",true,"330 Market St, Philadelphia, PA 19106","Philadelphia","19106","Pennsylvania","US",39.9499727,-75.1470133,"[""fox29.newsdesk@fox.com"",""fox29.programming@fox.com"",""wtxf_web@fox.com"",""u003efox29.newsdesk@fox.com"",""u003efox29.programming@fox.com"",""u003ewtxf_web@fox.com"",""jeff.cole@fox.com"",""thomas.drayton@fox.com"",""alex.holley@fox.com"",""mike.jerrick@fox.com"",""jason.martinez@fox.com"",""shaynah.ferreira@fox.com"",""hank.flynn@fox.com"",""jennaphr.frederick@fox.com"",""jennifer.joyce@fox.com"",""steve.keeley@fox.com"",""ellen.kolodziej@fox.com"",""jenn.lee@fox.com"",""connell@fox.com"",""morgan.parrish@fox.com"",""joann.pileggi@fox.com"",""kelly.rule@fox.com"",""dawn.timmeney@fox.com"",""shawnette.wilson@fox.com"",""bob.kelly@fox.com"",""kathy.orr@fox.com"",""sue.serio@fox.com"",""scott.williams@fox.com"",""scott.grayson@fox.com"",""breland.moore@fox.com"",""tom.sredenschek@fox.com"",""bill.anderson@fox.com"",""richard.curtis@fox.com"",""bill.rohrer@fox.com"",""ftsdigitalnortheast@fox.com"",""u003eftsdigitalnortheast@fox.com""]","{""twitter"":""https://twitter.com/FOX29philly"",""facebook"":""https://www.facebook.com/fox29philadelphia"",""instagram"":""https://www.instagram.com/fox29philly""}"
"17215728671988121953","WPVI-TV transmit","[""Television station""]",,"",5,1,,,"[]","WPVI-TV transmit (Owner)",true,"431 Wigard Ave, Philadelphia, PA 19128","Philadelphia","19128","Pennsylvania","US",40.0446417,-75.24058029999999,,
"43869141717397091","PHL17","[""Television station""]","https://phl17.com/","(215)878-1700",4.7,35,,,"[""Wheelchair accessible entrance"",""Wheelchair accessible parking lot""]","PHL17 (Owner)",true,"5001 Wynnefield Ave, Philadelphia, PA 19131","Philadelphia","19131","Pennsylvania","US",39.9924582,-75.22520659999999,"[]","{}"
"18303997374659770732","Sinclair Broadcast Group","[""Television station""]",,"(412)414-1429",2.5,6,,,"[""Wheelchair accessible entrance"",""Wheelchair accessible parking lot""]","Sinclair Broadcast Group (Owner)",true,"750 Ivory Ave, Pittsburgh, PA 15214","Pittsburgh","15214","Pennsylvania","US",40.4952846,-80.0045063,,
"17258693582041094577","Comcast SportsNet","[""Television station"",""Sports complex""]","http://www.csnphilly.com/","(215)952-2200",4.5,13,,,"[""Wheelchair accessible entrance"",""Wheelchair accessible parking lot""]","Comcast SportsNet (Owner)",true,"3601 S Broad St, Philadelphia, PA 19148","Philadelphia","19148","Pennsylvania","US",39.9011953,-75.172001,"[""u00a0asknbcsportsphiladelphia@nbcuni.com"",""asknbcsportsphiladelphia@nbcuni.com""]","{""facebook"":""https://facebook.com/NBCSPhilly"",""instagram"":""https://instagram.com/NBCSPhilly""}"
"13778645076585789310","Wilwert Electronics inc","[""Electronics repair shop"",""Audio visual equipment repair service"",""Television repair service""]","http://www.wilwertelectronics.com/","(215)822-2512",4.6,106,,,"[""Onsite services"",""Wheelchair accessible parking lot""]","Wilwert Electronics inc (Owner)",true,"1406 Hilltown Pike, Hilltown Township, PA 18927","Hilltown Township","18927","Pennsylvania","US",40.3175362,-75.24588299999999,,
"13934553064148693821","PHILLYUSATV","[""Gated community"",""Television station""]","http://www.phillyusatv.com/","",5,3,,,"[]","PHILLYUSATV (Owner)",true,"8253 Bustleton Ave Sala 110, Philadelphia, PA 19152","Philadelphia","19152","Pennsylvania","US",40.065766,-75.050912,"[]","{}"
"16882890025853743952","RTN - RHE Tv Network","[""Television station""]","http://www.rhetv.us/","(484)480-3609",0,0,,,"[""Identifies as Black-owned"",""Wheelchair accessible entrance"",""Wheelchair accessible parking lot"",""Gender-neutral restroom"",""Debit cards""]","RTN - RHE Tv Network (Owner)",true,"51 9th St Suite G1, Chester, PA 19013","Chester","19013","Pennsylvania","US",39.8521659,-75.36126,"[]","{}"
"9079792133359192256","WPGH Fox 53","[""Television station""]","http://www.wpgh53.com/","(412)931-5300",3.4,20,,,"[""Wheelchair accessible entrance"",""Wheelchair accessible parking lot""]","WPGH Fox 53 (Owner)",true,"750 Ivory Ave, Pittsburgh, PA 15214","Pittsburgh","15214","Pennsylvania","US",40.4951869,-80.0043606,"[""closedcaptioning@wpgh53.com"",""sdomozyc@sbgi.net"",""comments@sbgi.net"",""pittsburgh-wpgh-programming@sbgtv.com"",""advertising@sbgtv.com"",""contentsales@sbgtv.com""]","{""twitter"":""https://twitter.com/fox53wpgh"",""facebook"":""https://www.facebook.com/foxpittsburgh""}"
"1827165827278751419","ABC National Television Sales","[""Television station""]",,"(215)879-3100",5,2,,,"[""Wheelchair accessible entrance"",""Wheelchair accessible parking lot""]","ABC National Television Sales (Owner)",true,"4100 City Ave, Philadelphia, PA 19131","Philadelphia","19131","Pennsylvania","US",40.0055577,-75.214343,,